class_id,glcm_contrast,glcm_dissimilarity,glcm_homogeneity,glcm_energy,glcm_correlation,glcm_entropy,fractal_dim,foreground_ratio,sym_lr,sym_tb,sym_axis_shift,sym_axis_corr,sym_bilateral_texture_corr,color_h_bin0,color_h_bin1,color_h_bin2,color_h_bin3,color_h_bin4,color_h_bin5,color_h_bin6,color_h_bin7,color_h_mean,color_h_std,color_s_bin0,color_s_bin1,color_s_bin2,color_s_bin3,color_s_bin4,color_s_bin5,color_s_bin6,color_s_bin7,color_s_mean,color_s_std,color_v_bin0,color_v_bin1,color_v_bin2,color_v_bin3,color_v_bin4,color_v_bin5,color_v_bin6,color_v_bin7,color_v_mean,color_v_std,shape_area,shape_perimeter,shape_circularity,shape_aspect_ratio,shape_solidity,shape_extent,cub_name,scientific_name,Sequence,Species1,Family1,Order1,Avibase.ID1,Total.individuals,Female,Male,Unknown,Complete.measures,Beak.Length_Culmen,Beak.Length_Nares,Beak.Width,Beak.Depth,Tarsus.Length,Wing.Length,Kipps.Distance,Secondary1,Hand-Wing.Index,Tail.Length,Mass,Mass.Source,Mass.Refs.Other,Inference,Traits.inferred,Reference.species,Habitat,Habitat.Density,Migration,Trophic.Level,Trophic.Niche,Primary.Lifestyle,Min.Latitude,Max.Latitude,Centroid.Latitude,Centroid.Longitude,Range.Size
1,7.626066215487086,1.4559307500711338,0.5824583305295122,0.017832298584962478,0.9359211253625837,4.8315598389276335,1.4414595082520953,0.0549560546875,0.14561845775350285,0.06400140028309378,-13.0,0.2745788974120675,0.993331549899264,0.48481562063097955,0.0542995979078114,0.020465177856385706,0.19403552040457725,0.07830364056280814,0.1680804424890084,0.0,0.0,72.10538031319848,43.21007597425592,0.5336891710758209,0.3209244072437286,0.042688146233558655,0.044680741371121255,0.04060031589469872,0.0035391805315157397,0.001393488897883799,0.012484556436538697,41.82485031680914,32.08539958305045,0.03668554339092225,0.13849823474884032,0.15532553642988206,0.13149570133537053,0.11665484756231308,0.1490360789000988,0.09410819299519062,0.17819586340337992,139.9100324569318,54.90856386839592,9764.9,551.8776154041291,0.3874145921630864,1.189877544102126,0.722045072046284,0.47086675162487807,Black_footed_Albatross,Phoebastria nigripes,2025.0,Phoebastria nigripes,Diomedeidae,Procellariiformes,AVIBASE-EE8ECB1D,5.0,3.0,2.0,0.0,4.0,101.2,67.8,23.8,30.8,87.4,476.0,313.2,171.2,64.7,136.0,3188.41,Dunning,,NO,,,Marine,3.0,2.0,Carnivore,Aquatic predator,Aquatic,-84.95,85.01,14.59,-17.36,84626560.97
2,12.334211097460077,1.8130937509736267,0.5844461734790857,0.02308217032106938,0.903401346317789,4.5629252961331765,1.2020141514968574,0.060498046875,0.0681073221548266,0.24743761707791195,-12.0,0.24678189301755887,0.9007700019752253,0.42776507064700126,0.0862527834251523,0.04976898115128279,0.30941575169563296,0.02767196703935042,0.09912543485406786,0.0,0.0,66.77232622740743,49.808481905570275,0.59008868932724,0.1364356055855751,0.176144390553236,0.05090286023914814,0.03291749348863959,0.008431102428585292,0.003181511433649575,0.0018983390182256699,42.52973922994501,28.572965711124958,0.07402643412351609,0.13814382255077362,0.1158198207616806,0.2967908300459385,0.09912596121430398,0.06680671703070402,0.14385534077882767,0.06543107610195875,123.47391135588373,55.561776273369595,9553.7,550.9168071508408,0.4169334264535026,1.0030016245158566,0.7317346397206945,0.4741482179510953,Laysan_Albatross,Phoebastria immutabilis,2026.0,Phoebastria immutabilis,Diomedeidae,Procellariiformes,AVIBASE-98FB6D4B,5.0,2.0,3.0,0.0,2.0,108.0,74.6,20.7,28.2,82.6,474.4,313.0,159.5,66.2,147.2,3145.93,Dunning,,NO,,,Marine,3.0,2.0,Carnivore,Aquatic predator,Aquatic,12.81,65.2,35.54,-24.85,45350856.11
3,6.689298102027564,1.2011997650860953,0.6562879373541212,0.06529905390027937,0.9199433189003884,4.500372942725557,1.5068739744987716,0.0948699951171875,0.29193528479973396,0.022749912619965857,-22.0,0.2199774333095757,0.9792461749157269,0.2396108042448759,0.06615263646235689,0.1532205918512773,0.4923572391271591,0.018227717035915702,0.03043101952644065,0.0,0.0,78.39774524948116,39.28843993437967,0.22178249508142472,0.4746954023838043,0.17396528385579585,0.0631677083671093,0.04232995118945837,0.017043225816451013,0.0040361984632909294,0.0029797314666211603,59.012628595919786,34.04527826647242,0.07090769503265619,0.13446830511093139,0.11066885516047478,0.13776942044496537,0.12251783311367034,0.10523137971758842,0.268307850509882,0.05012865774333477,134.15627853465725,57.74804553432934,13322.1,688.9314373970032,0.37490961398194067,1.0595109563718879,0.7048482293191322,0.45090256076892554,Sooty_Albatross,Phoebetria fusca,2022.0,Phoebetria fusca,Diomedeidae,Procellariiformes,AVIBASE-4976BF1D,4.0,1.0,3.0,0.0,4.0,108.9,71.4,17.6,29.8,76.2,510.2,348.5,161.8,68.3,268.8,2553.66,Dunning,,NO,,,Marine,3.0,2.0,Carnivore,Aquatic predator,Aquatic,-74.01,-20.45,-45.67,34.43,61330907.01
4,15.824244289242833,2.0445073620439578,0.5601974398349077,0.05985018499931094,0.8560015165878971,4.651330929110491,1.3526815856421661,0.0617156982421875,-0.016512782961537097,0.03808486100570091,-6.6,0.10228114629854419,0.9593841535258274,0.18265329599380492,0.3184907231014222,0.038036260893568395,0.3234749134629965,0.10303871314972639,0.03430610105860978,0.0,0.0,76.46998180195325,28.916830144567864,0.1897229477763176,0.2186248183250427,0.29929597675800323,0.1239040557295084,0.13271193355321884,0.029420721624046565,0.005273431749083101,0.001046110421884805,76.22108056415162,34.068242368086985,0.2121308458968997,0.13540103957056998,0.09791907742619514,0.08341146185994149,0.07506855838000774,0.10685681663453579,0.13535088077187538,0.1538613248616457,122.22525390244292,68.22798178517483,11609.8,545.5338763236999,0.4017664935922983,1.3075015121726985,0.7732386088359393,0.5506079499438739,Groove_billed_Ani,Crotophaga sulcirostris,1573.0,Crotophaga sulcirostris,Cuculidae,Cuculiformes,AVIBASE-C5B34740,15.0,5.0,4.0,6.0,4.0,26.9,17.7,9.5,16.5,33.8,129.3,24.8,103.0,19.3,162.7,82.04,Dunning,,NO,,,Human Modified,3.0,1.0,Carnivore,Invertivore,Terrestrial,-23.6,30.19,12.58,-85.96,2696933.46
5,4.665758882013302,0.9992812511318911,0.6774886061867941,0.019751736811042475,0.9420491050493519,4.6351040638568755,1.390876065617906,0.1009002685546875,0.4412560439244828,0.2510164270550667,5.6,0.1460268851455877,0.9485936858938413,0.19011948443949223,0.03650624975562096,0.015434575226390735,0.4979724884033203,0.18279246240854263,0.07717473339289427,0.0,0.0,101.00588011765419,39.6035148630914,0.5421842008829116,0.253350156545639,0.1280262589454651,0.03710355134680867,0.015536617115139961,0.010783503128914162,0.01162476257304661,0.0013909518660511822,42.092691115513176,31.671137258431713,0.026326455269008876,0.20105120688676834,0.2664133071899414,0.2034886360168457,0.10816346481442451,0.06558812521398068,0.0509876724332571,0.0779811330139637,110.45855888948356,56.367616436342246,24214.0,693.6585241556168,0.5655498817300053,1.2458581708196501,0.8583143300521392,0.7012068191552031,Crested_Auklet,Aethia cristatella,2693.0,Aethia cristatella,Alcidae,Charadriiformes,AVIBASE-3DC4EBB8,5.0,2.0,3.0,0.0,4.0,21.1,7.1,6.1,10.9,27.4,139.4,61.0,77.2,44.1,38.0,259.36,Dunning,,NO,,,Marine,3.0,3.0,Carnivore,Aquatic predator,Aquatic,46.33,66.24,55.91,31.33,479141.29
6,46.1744383836617,4.154228540710093,0.35405167287379247,0.014492653956451723,0.6458609556726861,5.205707742601642,1.3289172873964865,0.04326171875,0.17145537794904325,0.16348357211873957,-12.8,0.17948917818085,0.9031763815143743,0.3564505107700825,0.06257313704118132,0.013393772486597299,0.26884190887212756,0.20654564201831818,0.09219503551721572,0.0,0.0,82.82218748984916,41.49003907151186,0.6731684625148773,0.2231454700231552,0.052403608709573744,0.022437315434217453,0.017182964272797106,0.007035272801294923,0.0039170031988760455,0.0007098911330103875,29.70603748623548,23.334143619857322,0.08470882847905159,0.11109849810600281,0.11372295469045639,0.10471634566783905,0.10707753151655197,0.11507144495844841,0.1296429917216301,0.23396140448749064,145.71256263731217,55.86137927008618,7004.3,432.5972109556198,0.4397210526628215,1.0005397606148545,0.7356026165271342,0.5085262160063067,Least_Auklet,Aethia pusilla,2691.0,Aethia pusilla,Alcidae,Charadriiformes,AVIBASE-044509DA,5.0,2.0,3.0,0.0,4.0,15.0,5.7,5.0,6.4,19.0,94.4,37.7,55.6,40.4,27.0,83.99,Dunning,,NO,,,Marine,3.0,3.0,Carnivore,Aquatic predator,Aquatic,47.78,66.43,56.93,-4.91,65157.07
7,7.300961396232724,1.3872695719310337,0.6008565082364321,0.012345948874156585,0.9445554118095524,5.07337391800394,1.4313102440683285,0.0713226318359375,0.051778863380922815,0.31809109264179564,-6.8,0.021637571096644145,0.9712652932187137,0.399489626288414,0.04525997396558523,0.013166885729879141,0.19528218619525434,0.19149476587772368,0.15530657321214675,0.0,0.0,83.39534662929195,62.40697010374758,0.7059561848640442,0.1940746508538723,0.06336605176329613,0.021868227049708366,0.009366520121693611,0.00403396427136613,0.0009859654965111986,0.0003484457527520135,27.5405363190905,26.889762344292233,0.09144616723060608,0.17509969025850297,0.2162337213754654,0.1443738967180252,0.08298937305808067,0.09309417828917503,0.12367450594902038,0.07308847010135651,114.70943473023303,66.75862369864299,13216.6,555.2780332326889,0.5417607459441205,1.2123638312460536,0.8409068377849828,0.5809025614257425,Parakeet_Auklet,Aethia psittacula,2690.0,Aethia psittacula,Alcidae,Charadriiformes,AVIBASE-2B46719D,4.0,2.0,2.0,0.0,4.0,20.1,8.8,6.2,12.6,29.4,146.2,60.2,86.1,41.1,39.0,269.98,Dunning,,NO,,,Marine,3.0,3.0,Carnivore,Aquatic predator,Aquatic,46.63,66.76,56.09,-57.81,400570.42
8,10.316108391771165,1.6885730092975741,0.560964004461186,0.012175017256782763,0.9168269112511925,5.23564329835798,1.526756860158963,0.1407440185546875,0.245417326717058,0.1545690813157498,-5.2,0.18346992560066727,0.9896234878700483,0.504670387506485,0.029793983418494464,0.031278046220541,0.3235304459929466,0.06468629147857427,0.04604084873571992,0.0,0.0,61.98912130775854,50.562907654936474,0.3729578346014023,0.22851133942604065,0.14966703802347184,0.11903041312471033,0.06905664564110339,0.03299203780479729,0.014701394643634558,0.013083299608842936,62.423455795840745,41.51417347333354,0.13766212947666645,0.15024470835924147,0.14690906554460526,0.1385935828089714,0.12473896443843842,0.11597511172294617,0.1187098890542984,0.06716654896736145,115.82062645256083,67.12999721641994,24938.4,739.668279004097,0.4975401525840072,0.9834246322867463,0.7947191677548663,0.6278477210420468,Rhinoceros_Auklet,Cerorhinca monocerata,2685.0,Cerorhinca monocerata,Alcidae,Charadriiformes,AVIBASE-53D94597,4.0,2.0,2.0,0.0,4.0,48.5,25.5,8.5,17.6,29.4,178.8,92.9,85.8,52.0,51.2,482.24,Dunning,,NO,,,Marine,3.0,3.0,Carnivore,Aquatic predator,Aquatic,33.18,60.51,50.73,-51.05,316387.33
9,7.6768415314182,1.3253345544225401,0.6401898806803171,0.031081059531323063,0.9289219219411298,4.653614123301033,1.3620062586214159,0.0464447021484375,0.3751144185996977,0.12615134867054484,-8.4,0.21366216778679079,0.9850245367231896,0.19536324739456176,0.06352462498471141,0.18609417360275984,0.48470376133918763,0.05562408328987658,0.014690115273697301,0.0,0.0,83.42150829681901,38.10814716032712,0.3985027581453323,0.3048790156841278,0.15400659069418907,0.07874356731772422,0.048066173284314576,0.011071289776009508,0.0033242009580135346,0.0014063927344977855,50.280474430536614,34.68636713222774,0.24837154448032378,0.23330693542957306,0.13043812066316604,0.09962577596306801,0.09667718559503555,0.08648026809096336,0.06002637892961502,0.045073798717930914,89.27745915024747,64.64077360507136,12265.5,615.0000670909882,0.41311176595600363,1.1124626452914144,0.7527268748108302,0.5108492326752837,Brewer_Blackbird,Euphagus cyanocephalus,10534.0,Euphagus cyanocephalus,Icteridae,Passeriformes,AVIBASE-EA5E858A,5.0,2.0,3.0,0.0,4.0,22.6,14.4,5.8,7.5,31.0,126.4,39.1,86.2,31.2,100.6,62.48,Dunning,,NO,,,Human Modified,3.0,2.0,Carnivore,Omnivore,Terrestrial,30.05,62.06,46.92,-110.63,5280448.27
10,11.059177438742664,1.4578836061101503,0.6781580778817611,0.07671149047255701,0.9261041514507153,4.18445536895718,1.3581147775933513,0.0385223388671875,0.1465367483773652,0.13233107690288973,-7.2,0.04925764260049379,0.9431618580747362,0.4947474390268326,0.08207694310694932,0.11576657807454467,0.2713363725692034,0.025981785217300057,0.01009087945567444,0.0,0.0,55.356279078410594,33.53557531905501,0.212356586009264,0.275275793671608,0.21647489070892334,0.15713115260004998,0.07532947435975075,0.026673322170972825,0.02318453537300229,0.01357424471207196,73.27216675948696,47.120035854974134,0.4797619223594666,0.14828393757343292,0.07451192922890186,0.04452282078564167,0.03737127222120762,0.08156761415302753,0.061829433962702754,0.07215107241645455,76.43954043370488,75.44330718931212,12894.5,630.6431248426437,0.39969957301820014,0.9719177850439016,0.7656231904159989,0.5169538935056683,Red_winged_Blackbird,Agelaius phoeniceus,10522.0,Agelaius phoeniceus,Icteridae,Passeriformes,AVIBASE-C86D078E,7.0,2.0,5.0,0.0,6.0,22.7,15.4,5.6,8.8,28.0,118.0,27.8,88.9,24.0,88.9,50.78,Dunning,,NO,,,Wetland,3.0,3.0,Herbivore,Granivore,Generalist,9.66,67.41,44.62,-102.04,13703226.95
11,9.344361220165009,1.7113168349708985,0.5345868927165524,0.008914738006181627,0.9074012876836546,5.2946310247881785,1.4657815370582703,0.0676422119140625,0.12307132549519964,0.08683221984039904,-12.2,0.10129375414037083,0.9308098463877652,0.6293476819992065,0.099924973025918,0.0806306131184101,0.16294917315244675,0.013656307104974985,0.013491253927350044,0.0,0.0,42.726899819184446,32.2647408092641,0.29656207165680826,0.274342879652977,0.2502697318792343,0.10643586665391921,0.033536885492503644,0.014724242128431797,0.008367878221906721,0.01576044556568377,62.251565131241385,40.2172232907025,0.09012258462607861,0.1876077264547348,0.18745362758636475,0.15614721029996873,0.12862633615732194,0.10764923021197319,0.07575678937137127,0.06663649201509543,112.07061836177077,60.24451907370578,12607.9,543.6392588853836,0.5497657951224287,1.0147455275205395,0.8617133306350869,0.6610917255298929,Rusty_Blackbird,Euphagus carolinus,10533.0,Euphagus carolinus,Icteridae,Passeriformes,AVIBASE-5F77FED5,9.0,4.0,5.0,0.0,4.0,23.0,15.3,5.0,6.6,30.2,114.4,32.1,82.6,28.0,90.0,59.57,Dunning,,NO,,,Forest,2.0,3.0,Omnivore,Omnivore,Terrestrial,42.42,69.61,57.69,-110.48,7275943.03
12,7.771269647315303,1.3334540739146192,0.6376491486481989,0.02691181762394903,0.9491723593651216,4.806598061710688,1.4363754848180839,0.05677490234375,0.1987177336734523,0.32852102756411583,-14.8,0.15354288704553395,0.9676420335337994,0.5930460393428802,0.19731338837591467,0.06777865327894687,0.12881142618134617,0.010861870070220903,0.002188626379938796,0.0,0.0,41.92539383076793,25.005039803986655,0.1843753198161721,0.2500897377729416,0.22850182205438613,0.11116183921694756,0.047872444242239,0.04651414435356856,0.06558277308940888,0.06590191498398781,90.00013514616228,65.09722373586443,0.22056247256696224,0.19475941658020018,0.1218525692820549,0.07344290316104889,0.07646521255373954,0.07874522954225541,0.07204305231571198,0.16212915778160095,110.87732267249658,80.22380016662879,11615.0,589.6995625972747,0.4186283395668001,1.0480693690503267,0.759261636474797,0.5011844447624816,Yellow_headed_Blackbird,Xanthocephalus xanthocephalus,10448.0,Xanthocephalus xanthocephalus,Icteridae,Passeriformes,AVIBASE-3E2D0C9B,5.0,2.0,3.0,0.0,4.0,22.5,14.6,6.6,9.1,32.9,129.4,34.2,92.6,27.0,101.9,62.68,Dunning,,NO,,,Wetland,2.0,2.0,Herbivore,Granivore,Terrestrial,31.47,59.17,46.37,-108.09,4756494.14
13,10.413982758011143,1.5774086007805093,0.6228020544066797,0.03436277920260035,0.9252491491523029,4.776292385095325,1.3867524388582333,0.0474365234375,0.13493686205579455,0.31899607505068606,-7.0,0.08386144840821283,0.9901836884644514,0.423236945271492,0.38450061678886416,0.0552041239105165,0.09194831252098083,0.016944394243182614,0.028165604791138322,0.0,0.0,45.16773949058153,33.259219509826394,0.2444134071469307,0.2852864235639572,0.27512821853160857,0.09758550599217415,0.051720100734382865,0.01610429279971868,0.010379915425437503,0.01938213501125574,66.36566392687632,43.09437580999353,0.3031033515930176,0.18958792686462403,0.10789801478385926,0.08164214044809341,0.10553306639194489,0.1096797838807106,0.0436514999717474,0.05890421476215124,88.94681014407519,70.69688945734917,11115.4,630.2965306043625,0.37088711723294954,1.1078892877157578,0.7540610130836407,0.5383771448948186,Bobolink,Dolichonyx oryzivorus,10449.0,Dolichonyx oryzivorus,Icteridae,Passeriformes,AVIBASE-F845062F,5.0,2.0,3.0,0.0,4.0,16.2,9.8,5.9,7.6,26.5,90.2,32.0,58.5,35.4,61.8,31.46,Dunning,,NO,,,Grassland,1.0,3.0,Omnivore,Granivore,Generalist,32.38,54.24,45.77,-93.09,3883605.76
14,9.618354503739413,1.693925047883542,0.552268949446785,0.012124169999607911,0.9001773366786887,5.1694182630651255,1.4265690373438218,0.06497802734375,0.1650362700966704,0.05101632356158654,-7.0,0.11802803917358803,0.9691842377184281,0.218447170779109,0.12292858995497227,0.10179358944296837,0.5280773043632507,0.018455425970023497,0.010297925071790814,0.0,0.0,78.82219834884289,35.08659973330059,0.10046683028340339,0.1520080015063286,0.140097875893116,0.1988018423318863,0.1837019294500351,0.12664635255932807,0.04853437226265669,0.04974279904272407,112.82256271277825,54.06313603347023,0.04509581457823515,0.13004673570394515,0.19225773960351944,0.1396908164024353,0.14712716341018678,0.15757865309715272,0.09997311905026436,0.08822996318340301,128.54066564026763,61.13895033215626,12564.2,570.1113368749618,0.4856840362427251,0.9231624558953495,0.8159956586920597,0.6023459049786952,Indigo_Bunting,Passerina cyanea,10711.0,Passerina cyanea,Cardinalidae,Passeriformes,AVIBASE-043F337A,31.0,15.0,16.0,0.0,15.0,11.7,7.6,5.1,6.2,17.2,64.8,14.7,50.3,22.5,48.9,14.69,Dunning,,NO,,,Shrubland,2.0,3.0,Herbivore,Granivore,Terrestrial,24.53,52.55,39.21,-91.56,5700834.65
15,10.097943000993114,1.7880626916476914,0.5319292569513385,0.009765633804682528,0.8908371406055824,5.3072927006780555,1.5089620690453303,0.07745361328125,0.10391162251321709,0.053664289799841856,0.6,0.05390318413249503,0.9831655970437001,0.302454549552931,0.23798907697200775,0.06371517684310675,0.33210258185863495,0.04039131216704846,0.023347295075654983,0.0,0.0,64.70648664674547,40.61535407472623,0.1890692889690399,0.1905452251434326,0.19625148177146912,0.1565416634082794,0.10703965574502945,0.06019587926566601,0.0357665840536356,0.06459021922200918,94.13774433737781,63.2725501303677,0.03139384500682354,0.12661979123950004,0.13621409684419633,0.1670409470796585,0.17845449298620225,0.16700561791658403,0.11302244439721107,0.08024876490235329,134.0164087469597,55.9426606041696,12292.9,538.3206738233566,0.5400064965338723,0.9737316948891527,0.8419091543457305,0.5998773029665594,Lazuli_Bunting,Passerina amoena,10713.0,Passerina amoena,Cardinalidae,Passeriformes,AVIBASE-9F67F3AF,18.0,7.0,11.0,0.0,11.0,11.8,7.3,4.8,6.1,16.8,70.4,16.5,53.9,23.4,54.2,15.49,Dunning,,NO,,,Shrubland,2.0,3.0,Herbivore,Omnivore,Insessorial,29.61,52.0,43.16,-112.04,2824052.43
16,9.1080538468525,1.6691728538557264,0.5398058714262659,0.010238928861849314,0.9017166042419739,5.23515519275085,1.495278059106617,0.0777069091796875,-0.015910603114993645,0.10638710384864683,-13.0,0.0072751359820492495,0.9306088215863182,0.6297302365303039,0.1448391806334257,0.006573000038042664,0.1290818128036335,0.033865460637025536,0.0559102933621034,0.0,0.0,43.9890799135102,44.88346451708975,0.06424795500934125,0.07941975444555283,0.11392307877540589,0.15848487317562104,0.18654416501522064,0.1740797996520996,0.13010329157114028,0.0931970790028572,138.71423324833444,61.862815189018555,0.012193445593584328,0.07687093205749988,0.13717278689146042,0.18979995846748351,0.17503697872161866,0.14070650190114975,0.11475825235247612,0.15346113592386246,147.25626198634194,59.105887335696345,13960.9,611.4902245759964,0.4735029529528479,1.1464112464188108,0.8056656202355359,0.5737611261198088,Painted_Bunting,Passerina ciris,10717.0,Passerina ciris,Cardinalidae,Passeriformes,AVIBASE-0BDB87DE,23.0,10.0,12.0,1.0,8.0,11.7,7.6,4.9,6.5,18.8,69.6,15.0,54.1,21.6,52.4,15.54,Dunning,,NO,,,Shrubland,2.0,3.0,Herbivore,Granivore,Terrestrial,25.29,39.1,32.24,-97.06,1410893.89
17,8.633355202240626,1.474207997519088,0.6027510367539052,0.014432062749232566,0.9061207755172715,5.019321861158636,1.4670846200609313,0.0826812744140625,0.10984833604564799,0.17946516544000068,-4.2,0.07859969432043801,0.9825608419531833,0.8522902250289917,0.006844522804021836,0.015831241733394563,0.007523256330750882,0.021353563643060625,0.09615719858556986,0.0,0.0,30.387853771406526,44.739598714666364,0.02771074082702398,0.09571013748645782,0.12275452092289925,0.1371298089623451,0.16090017408132554,0.18548241257667542,0.19171937853097915,0.07859282940626144,144.3702890067622,57.02064017702637,0.05560968443751335,0.10403071567416192,0.1061416208744049,0.10686633139848709,0.12572499811649324,0.12125614136457444,0.1212461195886135,0.2591243892908096,155.12035708129935,73.91761299669963,14695.9,632.9980458259582,0.4591449889027873,1.2204354668309023,0.8241730126898309,0.5745189393216796,Cardinal,Cardinalis cardinalis,10744.0,Cardinalis cardinalis,Cardinalidae,Passeriformes,AVIBASE-4E74AE22,64.0,24.0,40.0,0.0,8.0,17.6,14.7,9.3,12.3,24.5,93.5,14.2,77.7,15.5,101.8,42.64,Dunning,,NO,,,Shrubland,2.0,1.0,Herbivore,Omnivore,Insessorial,15.65,47.34,34.85,-92.41,5834572.06
18,13.217031418549492,2.1864704413446963,0.47113944034664124,0.008209324883731018,0.8651443882027492,5.474795351649829,1.5196318903602948,0.089434814453125,0.18214166740703178,0.11539801104473386,-0.8,0.07083329814260535,0.9745402162826119,0.6263949155807496,0.24060965962707997,0.0849049462005496,0.04208336129086092,0.0025860194582492113,0.003421089655603282,0.0,0.0,35.51430158185101,15.96860788594976,0.05689919032156467,0.11620815619826316,0.2577346503734589,0.211979840695858,0.1814296267926693,0.10312300585210324,0.047499025939032435,0.025126493291463704,110.52302344695045,45.37168795938244,0.05168317053467035,0.11404372453689575,0.1821056932210922,0.20786816477775574,0.16963928788900376,0.12722233012318612,0.08574075009673834,0.06169688343070447,123.03666701074971,56.02971031719905,15653.4,647.3210908412933,0.45628366666403314,1.2086745775298402,0.814398843651184,0.5888455355716165,Spotted_Catbird,Ailuroedus melanotis,5911.0,Ailuroedus melanotis,Ptilonorhynchidae,Passeriformes,AVIBASE-65B79400,5.0,1.0,2.0,2.0,4.0,37.5,21.0,10.7,16.0,45.8,157.8,32.9,127.4,20.5,115.8,176.89,Dunning,,NO,,,Forest,1.0,1.0,Herbivore,Frugivore,Insessorial,-19.47,-0.52,-9.15,143.25,167335.29
19,9.962275317767705,1.6567563423941944,0.575255305990731,0.013243600482544554,0.885863160548985,5.13906522441639,1.5381514977468942,0.08614501953125,0.189409882344651,0.11247247676848486,-7.0,0.19128979261441117,0.9962572499377957,0.13402874916791915,0.2629889383912086,0.0697623963933438,0.3468636333942413,0.07463308088481427,0.11172320386394859,0.0,0.0,86.35588061025567,44.12647419641432,0.28562137521803377,0.3236495077610016,0.1867065832018852,0.06541294418275356,0.10636629499495029,0.018025513167958706,0.005425600707530976,0.00879218389163725,63.127015313698266,43.073639209583554,0.0409103533718735,0.11403648853302002,0.16455532163381575,0.18264485001564026,0.2087441235780716,0.174298295378685,0.08059407770633698,0.034216486499644816,124.8458528605732,50.60588741014493,13278.8,614.2652473211289,0.45191931613829156,0.9526229245363714,0.7700131180906401,0.5131401886355429,Gray_Catbird,Dumetella carolinensis,8816.0,Dumetella carolinensis,Mimidae,Passeriformes,AVIBASE-95B77F08,16.0,5.0,5.0,6.0,7.0,19.2,11.1,4.0,4.8,27.4,90.7,16.8,73.4,18.6,90.3,35.3,Dunning,,NO,,,Shrubland,1.0,3.0,Omnivore,Invertivore,Insessorial,28.33,55.06,42.61,-95.25,6824562.12
20,11.493030985656485,1.820449659451625,0.541902754189242,0.009272173799404365,0.909033049223647,5.327237438792433,1.5064198587731854,0.073223876953125,0.13954887053508927,0.17104889897127934,-4.0,-0.07079726407039848,0.9877297934595463,0.8153798460960389,0.0972696207696572,0.002969409807701595,0.04457072834484279,0.013004832353908568,0.026805541943758726,0.0,0.0,29.832087695248475,26.099918408226994,0.09564741738140584,0.156835575401783,0.2010275602340698,0.18171214908361435,0.11530122011899949,0.1480891928076744,0.07203095331788063,0.029355931002646683,109.96626765673798,55.111761579145124,0.07564551681280136,0.14892474710941314,0.14476371109485625,0.12588954865932464,0.12848886251449584,0.12174103260040284,0.10450230091810227,0.15004428178071977,131.99506627584557,70.00385532899591,11262.2,592.4025063991546,0.43924983097304365,0.9620619054713619,0.779192194245372,0.555782796376985,Yellow_breasted_Chat,Icteria virens,10447.0,Icteria virens,Icteridae,Passeriformes,AVIBASE-734C73A9,13.0,7.0,5.0,1.0,5.0,16.3,10.5,4.8,6.3,26.1,76.5,16.3,60.5,21.3,71.8,24.89,Dunning,,NO,,,Forest,2.0,1.0,Carnivore,Invertivore,Insessorial,20.9,53.94,38.56,-103.26,6188045.96
21,11.471450923495112,1.7397797197025309,0.58831467510923,0.01660752682587093,0.8918179421159096,5.115727185421791,1.5025404915879377,0.0794464111328125,0.23366755356167807,0.21878366726155365,-14.8,0.12131666603661218,0.9893918163902946,0.495017471909523,0.22668197602033616,0.017164371884427966,0.1845653529278934,0.05182665009051561,0.02474417006596923,0.0,0.0,50.23255588317326,32.970646987645615,0.14372815787792206,0.26742587685585023,0.29411994218826293,0.12990374490618706,0.08685760125517845,0.05033445176668465,0.017855555858113804,0.009774677074165083,80.08028597593236,42.65187764798465,0.13817863576114178,0.16128020733594894,0.13383838832378386,0.12330645471811294,0.18039773106575013,0.14409201294183732,0.06227405816316604,0.05663251671940088,112.32992813056873,63.31369018658095,13727.4,574.4642362594604,0.526927463498545,1.0636821873814224,0.8449902829042534,0.6243502933857951,Eastern_Towhee,Pipilo erythrophthalmus,10360.0,Pipilo erythrophthalmus,Passerellidae,Passeriformes,AVIBASE-6090278A,13.0,6.0,7.0,0.0,8.0,15.4,9.8,5.5,8.2,27.0,82.3,11.1,70.8,13.6,91.7,40.03,Dunning,,NO,,,Forest,2.0,2.0,Herbivore,Omnivore,Generalist,24.53,51.51,39.13,-85.4,3162018.06
22,24.701659374755202,3.138764414102771,0.39226719520029124,0.006215824819176697,0.7906025037386993,5.827080866233539,1.5826781980827374,0.128173828125,0.07980670492606162,0.104279989615506,-22.8,0.02861160634401221,0.9899287298253947,0.5659224689006805,0.19152573943138124,0.05889907404780388,0.1055531744437758,0.03448441186919808,0.04361512809991837,0.0,0.0,46.4032455914959,38.399976633570624,0.2518617544323206,0.2016384109854698,0.1898535557091236,0.16513432357460262,0.09988771798089147,0.04571293382905424,0.02107557946583256,0.02483572835335508,79.29422272806971,41.77145149877364,0.11137680001556874,0.19875515699386598,0.17665511071681977,0.15224393606185913,0.11842764317989349,0.09465405195951462,0.07648979276418685,0.07139751315116882,109.21438963426496,64.90394863850636,27194.9,713.000066614151,0.6000117389040842,0.873469430088819,0.9036666945027381,0.7156266778282141,Chuck_will_Widow,Caprimulgus carolinensis,,,,,,,,,,,,,,,,,,,,,,,,,,,,,,,,,,,,,
23,12.50972637285657,1.8625335053870242,0.5692293192769863,0.031260311948585806,0.8383276280548921,4.851516146125915,1.3911129443187475,0.05042724609375,0.10328938350512315,0.07487184902106607,-4.6,0.06854028077508058,0.9730154686664811,0.45516610695049164,0.04424935097340495,0.06851040199398994,0.3995287105441093,0.02416229802183807,0.008383129490539432,0.0,0.0,63.93580707941196,22.298882751933327,0.31578036211431026,0.22905173897743225,0.26305865347385404,0.12851744368672371,0.03252701498568058,0.012862510746344924,0.006688917055726051,0.011513360030949115,62.01134779636705,37.89556913208381,0.17206460982561111,0.15522730285301806,0.11279125921428204,0.09430006891489029,0.11973169669508935,0.1515629418194294,0.1142942562699318,0.0800278689712286,116.30755090214095,62.287595932985504,10185.8,504.63598523139956,0.45615935842442445,1.280571473092639,0.8030100569853497,0.5658896915168553,Brandt_Cormorant,Phalacrocorax penicillatus,,,,,,,,,,,,,,,,,,,,,,,,,,,,,,,,,,,,,
24,55.38867892248876,3.587498445920749,0.5604488027950335,0.11354227208975572,0.8787751650901523,3.6281788408983493,1.1215655506138762,0.0398712158203125,0.20220530722335162,0.20942508833145163,-7.2,0.3385903197490071,0.7872303506563683,0.2893607974052429,0.0528545655310154,0.08378989174962044,0.5266462125815451,0.02941856998950243,0.017929961904883385,0.0,0.0,77.98443978171873,24.519288302084842,0.4092933561652899,0.34747555255889895,0.16725128442049025,0.04867865331470966,0.019563983008265496,0.006577787827700377,0.0009988428093492985,0.00016054585576057433,47.243776973368604,23.591670548735923,0.2717965841293335,0.12942700535058976,0.11516969799995422,0.27260817065834997,0.05016874261200428,0.06501062475144863,0.07475655674934387,0.021062618494033812,91.30446796394673,50.51030392166746,10504.9,491.94624440670015,0.5203850371418317,1.103996139785732,0.8306444504272197,0.5308625844977644,Red_faced_Cormorant,Phalacrocorax urile,,,,,,,,,,,,,,,,,,,,,,,,,,,,,,,,,,,,,
25,9.919583465546271,1.6158885714611813,0.5886924926546705,0.01893040729176833,0.8959604487797133,4.928018160242759,1.3964811857129003,0.0465545654296875,0.20540336844506601,0.15949079185820195,-10.0,0.08555044088523356,0.9913878797553158,0.3708686850965023,0.04790380466729403,0.04787718321895227,0.38075119256973267,0.0979588121175766,0.05464032650925219,0.0,0.0,75.52638768022275,46.61434080345439,0.2993235021829605,0.3900228410959244,0.1546028696000576,0.068341925740242,0.05291837342083454,0.026954884082078932,0.007237515048473142,0.0005980764282867313,56.3288918764516,38.86735539582845,0.17536546438932418,0.22240945398807527,0.16472923159599304,0.1330233786255121,0.09976611826568842,0.06943608708679676,0.1113824900239706,0.023887779982760548,96.96353373646522,61.853663871584104,14932.2,692.8427076816558,0.3809381993617659,1.2727740345943588,0.7426050730453289,0.5201888387597634,Pelagic_Cormorant,Phalacrocorax pelagicus,,,,,,,,,,,,,,,,,,,,,,,,,,,,,,,,,,,,,
26,6.628261358973825,1.178211986643993,0.6689280529464765,0.04648267657430699,0.9466150831855794,4.454861876972538,1.3834632731841972,0.0417266845703125,0.23324312971277195,0.12907755312498154,-10.4,0.035958652432704886,0.973046960584335,0.26176995746791365,0.1575250282883644,0.11228886656463147,0.2939763989299536,0.13272598404437302,0.041713762748986485,0.0,0.0,78.62482480283175,33.79638266223303,0.16227992698550225,0.29399544894695284,0.2404634565114975,0.18691037520766257,0.08784986650571228,0.01943499707849696,0.007139113152516074,0.001926813181489706,73.86194990799031,37.67083061926927,0.30838667303323747,0.20267945826053618,0.14234242737293243,0.09262757375836372,0.07982161268591881,0.06713356226682662,0.060016078129410746,0.046992608718574046,83.28363234549523,65.43495664163379,14287.5,597.4520438194274,0.5056794442530622,1.0555124556123063,0.8364736763524437,0.6073129138851884,Bronzed_Cowbird,Molothrus aeneus,10528.0,Molothrus aeneus,Icteridae,Passeriformes,AVIBASE-EAEEA093,10.0,4.0,6.0,0.0,4.0,22.2,14.7,6.1,9.7,29.1,108.0,27.1,80.4,25.3,77.0,62.61,Dunning,,NO,,,Forest,2.0,1.0,Omnivore,Granivore,Terrestrial,7.2,35.86,23.63,-99.9,2518193.73
27,9.002720622771742,1.4165785975496081,0.6441247079716483,0.03375412255578674,0.9259391209992932,4.7118142830550145,1.3569251599983136,0.0460235595703125,0.3080507336363906,0.16880523203642278,-16.8,0.13522097722373316,0.9863244856442085,0.46327019929885865,0.09911017187987455,0.046441209537442775,0.2536791242659092,0.09969790170434863,0.03780140206217766,0.0,0.0,64.2729521180706,41.063956995428086,0.25650250911712646,0.3233204036951065,0.23187473118305207,0.10957686752080917,0.04419194390065968,0.017058419389650227,0.007295557123143226,0.010179559810785577,62.457598734073805,40.03931790375574,0.20731025710701942,0.2518551588058472,0.18984790295362472,0.10218266695737839,0.08748004958033562,0.0656833790242672,0.060381941962987185,0.0352586418390274,86.65613008710525,61.238816240585,14353.3,646.3588543415069,0.4221105732213216,0.9196793988212939,0.7641915762741609,0.5363147927513922,Shiny_Cowbird,Molothrus bonariensis,10526.0,Molothrus bonariensis,Icteridae,Passeriformes,AVIBASE-AA779804,25.0,10.0,14.0,1.0,4.0,19.7,12.5,6.5,8.3,25.5,109.9,29.5,78.2,27.3,82.7,41.49,Dunning,,NO,,,Woodland,2.0,1.0,Omnivore,Invertivore,Terrestrial,-44.17,28.13,-10.72,-59.54,13210499.69
28,15.121783225430345,2.2397570197921235,0.4924535626758965,0.015730453678552525,0.88031663547315,5.44931425594221,1.5386564489271244,0.0888336181640625,0.07492594806516063,0.10045937131903919,-9.6,0.113452763110317,0.9812782323834529,0.8932029247283936,0.07192561384290456,0.006908438680693507,0.010712411184795202,0.006762010068632663,0.010488610016182065,0.0,0.0,22.936907570919146,21.463865021758263,0.2665527582168579,0.3998555839061737,0.20352912396192552,0.06245555020868778,0.028310280153527857,0.013334124977700413,0.00880253384821117,0.017160056321881712,58.02360398914745,38.68212002766786,0.12310773655772209,0.1509581208229065,0.19362014830112456,0.1252278968691826,0.12674673348665239,0.13518128097057341,0.10672821551561355,0.03842987455427647,111.66725624790224,64.66272675214044,15872.4,598.03580930233,0.5573622416377647,1.268243305598481,0.8713807302555434,0.6509840780781997,Brown_Creeper,Certhia americana,8533.0,Certhia americana,Certhiidae,Passeriformes,AVIBASE-BAC33609,6.0,3.0,3.0,0.0,4.0,16.2,9.6,2.0,2.8,14.2,63.6,15.3,48.2,24.1,63.3,8.1,Dunning,,NO,,,Forest,1.0,1.0,Carnivore,Invertivore,Insessorial,12.86,63.31,45.97,-101.91,6543644.5
29,9.332830226457807,1.5109472126554224,0.6150787108762967,0.04526662712379963,0.8992186394043854,4.550256549107464,1.3728324255211184,0.050732421875,0.1961918726567237,0.18597588920187505,-8.8,0.173096045602871,0.9628114876371999,0.3458062201738358,0.3035294361412525,0.07780050002038479,0.2002856489212718,0.06251659280969761,0.01006159819662571,0.0,0.0,59.05008708403817,34.63372084012557,0.609570586681366,0.18600833602249622,0.07060014978051185,0.03498660959303379,0.02975065540522337,0.06755733982427045,0.0011000671976944432,0.0004262523492798209,41.41262584411592,32.987249037858874,0.23886519372463227,0.15705969035625458,0.09244485311210156,0.09928914271295071,0.08219940606504679,0.09820610750466585,0.11023352406919003,0.1217020820826292,112.0884032642642,60.39243894035502,11200.2,566.0946851015091,0.39603921379386264,0.855294709112367,0.7502076496992737,0.509164950504738,American_Crow,Corvus brachyrhynchos,6985.0,Corvus brachyrhynchos,Corvidae,Passeriformes,AVIBASE-9E9F2476,13.0,4.0,9.0,0.0,4.0,51.1,35.4,14.7,17.7,59.3,309.6,109.1,199.9,35.3,177.3,448.76,Dunning,,NO,,,Human Modified,2.0,2.0,Omnivore,Omnivore,Terrestrial,24.53,63.75,46.23,-97.42,11573830.54
30,10.117645701384811,1.5267091352982263,0.6183548163803818,0.0325997200073576,0.889342407274319,4.372836167133063,1.3396382553245636,0.1262908935546875,0.09577737183031486,0.07610396011596818,-9.0,0.10358651115326067,0.9692073308082968,0.19286092966794968,0.05412440374493599,0.0407585758715868,0.6048633549362421,0.09725015200674533,0.01014259122312069,0.0,0.0,90.82352467568026,28.28618901030213,0.6859679996967316,0.14369649514555932,0.05778102800250053,0.05058180093765259,0.04130679965019226,0.011672920500859617,0.005489496141672134,0.003503458946943283,36.7829139609358,31.22383338393243,0.09877952489769086,0.2420368582010269,0.12871691547334194,0.08143484964966774,0.04894505525007844,0.1088687825948,0.16684316638857127,0.12437485195696354,123.5093082917574,60.26556915002077,20362.6,610.6359845638275,0.4214159757255319,1.0631006052699887,0.7563499340884257,0.5053743945904637,Fish_Crow,Corvus ossifragus,6971.0,Corvus ossifragus,Corvidae,Passeriformes,AVIBASE-43E56D2C,13.0,4.0,9.0,0.0,4.0,43.3,27.2,13.8,14.8,47.1,276.7,100.6,176.2,36.3,157.1,284.6,Dunning,,NO,,,Coastal,3.0,1.0,Omnivore,Omnivore,Terrestrial,24.53,44.92,33.75,-84.16,970986.53
31,8.725978333034002,1.5143201714252428,0.5851350282313895,0.011472958966548897,0.9271879609039739,5.169088565904085,1.578704383017283,0.1210235595703125,0.08005195168814586,0.16935863398890094,-5.0,0.11448478038728853,0.9791923757127099,0.7503210783004761,0.16677119880914687,0.01745671285316348,0.05092023550532758,0.008023868460441008,0.0065069031581515445,0.0,0.0,29.631291637687333,23.11514347999725,0.26503192335367204,0.23630266785621643,0.186494380235672,0.14589800350368023,0.06816406617872417,0.049202824383974074,0.022122797567863017,0.026783334137871862,75.2889337259811,46.09865686918046,0.05395951196551323,0.1319144308567047,0.11917447596788407,0.12573702484369279,0.15625240057706832,0.17764873504638673,0.14466867595911026,0.09064474627375603,136.3806670221447,62.39055219933391,14775.0,648.1279892206192,0.44720890129199997,1.068704994617034,0.7751476779783844,0.5769336567650732,Black_billed_Cuckoo,Coccyzus erythropthalmus,1658.0,Coccyzus erythropthalmus,Cuculidae,Cuculiformes,AVIBASE-41E9F54B,5.0,2.0,3.0,0.0,4.0,27.0,17.0,5.7,6.6,22.9,136.9,55.3,80.3,40.8,143.4,50.9,Dunning,,NO,,,Forest,1.0,3.0,Carnivore,Invertivore,Insessorial,32.02,55.74,43.59,-90.65,4944717.14
32,8.064710028699222,1.4709312326300865,0.5988179125335311,0.015175289049774573,0.9336208119345575,4.995349329915439,1.5267949419021811,0.076837158203125,0.14664518060081422,0.1297146898226889,-9.4,0.10880835281023235,0.9865932252881306,0.3135053083300591,0.3160952657461166,0.06457027420401573,0.30221897959709165,0.00306754307821393,0.0005426286137662828,0.0,0.0,59.59889343829623,19.296155482205922,0.061888307660410646,0.13709556725807487,0.2640278026461601,0.260561416298151,0.16744897663593292,0.060252681374549866,0.027602042816579343,0.021123212389647962,103.18465366255415,41.73106077203754,0.08958414569497108,0.14102540016174317,0.0993325024843216,0.12417408972978591,0.12205297648906707,0.1232976570725441,0.11625756546854973,0.18427567202597855,138.36179593829314,61.986091516125406,13008.0,566.1162134885788,0.519394319953369,0.9381865784218834,0.8652847048689697,0.6627821586437775,Mangrove_Cuckoo,Coccyzus minor,1655.0,Coccyzus minor,Cuculidae,Cuculiformes,AVIBASE-84F096F7,13.0,6.0,5.0,2.0,8.0,31.3,20.6,6.8,9.1,28.1,135.0,43.0,92.5,31.7,155.3,63.89,Dunning,,NO,,,Woodland,2.0,2.0,Carnivore,Invertivore,Insessorial,-2.92,28.42,14.86,-79.81,1105292.18
33,6.394480401901234,1.3618966268240809,0.5851402655858167,0.012028400846640246,0.9554086484600995,5.063499106398641,1.5269884866542651,0.1036834716796875,0.21677958052047086,0.13369761898210583,-6.0,-0.01596419899563296,0.9054733381375358,0.4356927424669266,0.30045055206865073,0.059194240532815454,0.1476803892001044,0.012185686128214001,0.04479638792981859,0.0,0.0,49.483271775800816,29.29413676910349,0.08074082639068365,0.2548160493373871,0.289076691865921,0.18616843968629837,0.09188134819269181,0.03480002582073212,0.017945503490045665,0.04457111555384472,90.87943671862726,46.32457731500122,0.07899140641093254,0.11333133578300476,0.10281007587909699,0.10458765178918839,0.11724806427955628,0.12103309035301209,0.13394683599472046,0.22805154621601104,148.81576376495067,64.64833746232418,13741.5,578.1549872636795,0.47112538552281774,1.1249355635006186,0.8114678449468281,0.5652826850170886,Yellow_billed_Cuckoo,Coccyzus americanus,1653.0,Coccyzus americanus,Cuculidae,Cuculiformes,AVIBASE-0CF12F81,12.0,3.0,7.0,2.0,4.0,29.2,20.0,7.0,8.2,24.5,143.4,62.4,82.6,43.0,146.3,64.0,Dunning,,NO,,,Forest,1.0,3.0,Carnivore,Invertivore,Insessorial,-14.02,48.99,36.04,-90.96,5270361.03
34,13.95572449071787,2.29403581529757,0.44690186014893535,0.006184690959684244,0.8514509034410958,5.616595958106757,1.5669436720050238,0.1018890380859375,0.14343035414027303,0.19258442915442534,-11.2,0.16238688585646316,0.9906838245149181,0.9098060488700866,0.0446388490498066,0.010263095831032843,0.02317980062798597,0.005374642077367753,0.006737552414415404,0.0,0.0,22.06935260223986,16.877761298554226,0.2064774215221405,0.18064045086503028,0.2128230482339859,0.1677878513932228,0.10813375674188137,0.060806287359446286,0.03269414532696828,0.030637032951926813,87.4491762604934,48.77369907433135,0.020698730851290748,0.09799043685197831,0.16800073385238648,0.15213023722171784,0.18508692383766173,0.17685142308473586,0.12443450540304184,0.07480700463056564,136.77049339620257,56.166216230128455,15055.1,637.9235287666321,0.480519394270039,1.1841769789974748,0.818061873269952,0.6057881013483895,Gray_crowned_Rosy_Finch,Leucosticte tephrocotis,10149.0,Leucosticte tephrocotis,Fringillidae,Passeriformes,AVIBASE-029491CD,5.0,1.0,4.0,0.0,4.0,12.9,9.9,6.4,8.1,19.6,105.5,38.6,66.2,36.9,69.8,37.8,Dunning,,NO,,,Grassland,3.0,3.0,Herbivore,Omnivore,Terrestrial,36.31,69.4,61.61,-142.55,2279904.65
35,7.684394823873754,1.4881442315860123,0.5728489773991245,0.012064895344400733,0.9303947374620876,5.128900249182096,1.4495612140241942,0.0675689697265625,0.2364026587021233,0.241802653812293,-12.6,0.11092450164598933,0.9469803058909878,0.8533332228660584,0.04102635160088539,0.029782259603962302,0.03745884626405314,0.0010093922435771673,0.03738991995342076,0.0,0.0,24.63296006006519,35.22539000367639,0.12992421947419644,0.23982738554477692,0.29876627027988434,0.1671288650482893,0.10539570637047291,0.047839519969420506,0.008584220055490732,0.0025338065344840286,81.40340112111718,37.04878693747726,0.07410710700787604,0.13328343033790588,0.14728110134601594,0.17619272619485854,0.1604816123843193,0.13294874653220176,0.09929022081196308,0.07641505524516105,124.55238739489323,58.63882112350818,13050.1,646.4088106155396,0.396908034906951,1.1029620144863226,0.7645984912871516,0.5095403052603057,Purple_Finch,Haemorhous purpureus,10154.0,Haemorhous purpureus,Fringillidae,Passeriformes,AVIBASE-B4EE123D,8.0,3.0,5.0,0.0,4.0,12.2,9.1,7.5,9.0,16.6,81.1,22.8,58.2,28.1,59.5,23.3,Dunning,,NO,,,Forest,2.0,2.0,Herbivore,Omnivore,Insessorial,32.56,62.24,50.66,-99.96,4534365.72
36,18.41793888977761,2.3837097826830163,0.4979424956102034,0.00859270141576971,0.8642341694888079,5.583919992812955,1.6061018042722863,0.12486572265625,0.07813593500698712,0.1842382671042732,-9.8,-0.00831301847898184,0.9843908986146783,0.5259336203336715,0.08896434924099594,0.10191132826730609,0.24677145332098008,0.019799604639410974,0.016619642730802298,0.0,0.0,52.30827943243601,34.762081138425415,0.21960044745355844,0.22233797758817672,0.15671685636043547,0.14551417529582977,0.12717501372098922,0.07206178344786167,0.03439341406337917,0.02220032933400944,85.81536461340428,43.232506720729006,0.09784793555736541,0.12241964414715767,0.10971691459417343,0.12036988288164138,0.12928100824356079,0.12975656390190124,0.11933361738920212,0.17127442844212054,137.43857328283335,72.68824768609986,17124.2,679.8181466579438,0.48648372472110435,1.0226622351401002,0.8378232319823049,0.6192969062353512,Northern_Flicker,Colaptes auratus,3870.0,Colaptes auratus,Picidae,Piciformes,AVIBASE-2B7F2525,14.0,7.0,7.0,0.0,10.0,38.4,27.6,8.2,7.9,28.4,151.8,37.5,114.3,24.8,105.3,131.46,Dunning,,NO,,,Shrubland,2.0,2.0,Carnivore,Invertivore,Generalist,19.26,68.71,50.48,-99.78,10804791.76
37,11.14914551884923,1.8225781027214194,0.53947122582223,0.01069934073660834,0.9000541661148931,5.202584041470324,1.4446525215759762,0.05684814453125,0.02426767471722345,0.01509877973489938,-1.0,0.07463601909075004,0.9739802894613006,0.3826961100101471,0.6073703825473785,0.007532571069896221,0.0,2.2408964287023992e-05,0.002378528457484208,0.0,0.0,35.741679099401026,9.963893966741704,0.03597641084343195,0.33339494504034517,0.30402454137802126,0.14545564129948615,0.10992534458637238,0.0402466855943203,0.01685054749250412,0.014125883067026734,87.15332485367917,37.772564502480435,0.06359054446220398,0.1454999752342701,0.12073164880275726,0.10918663442134857,0.09945085607469081,0.1375958278775215,0.21061979830265046,0.11332470532506704,139.21653394272022,52.26696302344502,9531.7,538.4461562871933,0.3481641064523377,1.0441761102475389,0.6839002534552588,0.45044353389029335,Acadian_Flycatcher,Empidonax virescens,5873.0,Empidonax virescens,Tyrannidae,Passeriformes,AVIBASE-2778A3F4,48.0,5.0,8.0,35.0,5.0,13.3,9.1,6.1,4.0,17.1,71.0,19.9,52.1,27.5,58.8,12.6,Dunning,,NO,,,Forest,2.0,3.0,Carnivore,Invertivore,Insessorial,26.59,45.34,36.73,-87.99,3006134.68
38,9.078897183346404,1.5625592423943444,0.5765910887904673,0.008962487367691813,0.9179601716873907,5.252112027628678,1.5085136567093493,0.0917694091796875,0.14081787312194974,0.2507085430240074,-16.4,0.08758166096755664,0.9615390745787137,0.6784553050994873,0.18151226127520204,0.030438208021223545,0.06236323304474354,0.029925801907666028,0.017305187601596116,0.0,0.0,38.64927316392119,30.364319806412276,0.13432634419295936,0.14619659092277287,0.20554851591587067,0.18107757568359376,0.1278431385755539,0.07207414507865906,0.0476331690326333,0.08530051484704018,107.64292213413304,60.41101650791146,0.03302211910486221,0.12131092250347138,0.1763940066099167,0.16729781031608582,0.1630700945854187,0.13445464223623277,0.11797528639435768,0.08647511601448059,131.452387180337,60.569994698811456,13675.9,644.2146988868714,0.4170731871534309,0.9180799255244398,0.7465752722598304,0.514120030594625,Great_Crested_Flycatcher,Myiarchus crinitus,5763.0,Myiarchus crinitus,Tyrannidae,Passeriformes,AVIBASE-8D6D5F2B,18.0,4.0,6.0,8.0,4.0,22.7,15.5,8.5,6.9,21.8,98.8,21.6,79.4,21.4,88.1,32.1,Dunning,,NO,,,Woodland,1.0,3.0,Omnivore,Invertivore,Insessorial,8.61,55.55,40.77,-88.84,5137539.15
39,8.545819879804284,1.4738526799912341,0.5960561585575046,0.016899601397942016,0.9160781655828465,5.038610339458851,1.4496329164112383,0.070477294921875,0.0776416237361893,0.12885757610449958,-0.4,0.10289932445483671,0.9058274872536936,0.6054586410522461,0.1588804081082344,0.078306938521564,0.0767420684103854,0.056902112811803816,0.023709826430422253,0.0,0.0,43.539030288150386,32.11838006683032,0.27336772084236144,0.3156499832868576,0.19518950432538987,0.12477494776248932,0.04577112942934036,0.024488081224262714,0.011356357834301889,0.009402273001614957,63.435652617370636,42.781028389156845,0.143583869561553,0.14371661394834517,0.1494676724076271,0.16188188046216964,0.13801051378250123,0.12118087112903594,0.09134585149586201,0.050812726840376854,111.51186254431973,58.36213586025983,12862.2,596.2770225286483,0.4666660355697137,1.0421485537717587,0.7974644324936204,0.6023336324281925,Least_Flycatcher,Empidonax minimus,5884.0,Empidonax minimus,Tyrannidae,Passeriformes,AVIBASE-F5837054,18.0,2.0,3.0,13.0,4.0,12.4,7.6,5.4,3.5,15.9,61.1,14.2,47.9,22.8,50.8,10.0,Dunning,,NO,,,Forest,1.0,3.0,Carnivore,Invertivore,Insessorial,39.58,65.34,51.73,-102.26,5753545.24
40,6.49584713495411,1.3835589677423894,0.5860015394736247,0.013088624969446655,0.9327069406479602,5.007142111654183,1.47693164821457,0.08231201171875,0.3053552774243067,0.1380292282030127,-1.4,0.21826003837485536,0.9451695492932235,0.2727406948804855,0.2549577854573727,0.10656003658659756,0.17031870633363724,0.1245456812903285,0.07087707938626409,0.0,0.0,74.27135715632613,34.09188951654015,0.5073480099439621,0.3105050787329674,0.11840943619608879,0.045060228649526836,0.014092413033358753,0.0030556310899555682,0.0006730641587637364,0.0008561428752727806,40.55875293380726,28.201192197742824,0.02255798000842333,0.17666119560599328,0.17790140956640244,0.14796897619962693,0.1250039778649807,0.11684694588184356,0.13137816376984118,0.10168136060237884,129.6284616528717,57.671856004569705,11697.3,596.4794609069825,0.40988865132133334,1.0004139262297158,0.7610526887779174,0.5014253117287331,Olive_sided_Flycatcher,Contopus cooperi,5888.0,Contopus cooperi,Tyrannidae,Passeriformes,AVIBASE-951C150C,8.0,3.0,4.0,1.0,4.0,19.9,12.2,8.5,6.5,14.7,104.7,38.5,63.2,37.9,68.8,32.1,Dunning,,NO,,,Forest,1.0,3.0,Carnivore,Invertivore,Insessorial,29.44,68.45,51.88,-110.87,9652028.65
41,9.107826445858462,1.4495986508530332,0.6278721259123292,0.0252563365883416,0.9028250561962391,4.874010246950353,1.5057063955033207,0.07674560546875,-0.03131882323052827,0.1317913318459019,-14.0,-0.049017831260808,0.9700947691347664,0.6898607909679413,0.16477351378416644,0.0012766857573296875,0.07969604942481964,0.01671234709210694,0.04768061363138258,0.0,0.0,35.33580556949504,36.952001714283384,0.1724327653646469,0.25471060872077944,0.2838729277253151,0.18785532414913178,0.07339229770004749,0.017190561071038245,0.005590326827950775,0.00495519358664751,73.57310347969269,39.45554259780962,0.01960002277046442,0.0614901214838028,0.11414157226681709,0.22751497775316237,0.22110696136951447,0.11598909199237824,0.08459182269871235,0.15556542426347733,145.78067238267582,58.89439179714682,10556.7,608.0628093242645,0.36663096704440373,1.1393221470395383,0.7057604053946045,0.5006061730651125,Scissor_tailed_Flycatcher,Tyrannus forficatus,5738.0,Tyrannus forficatus,Tyrannidae,Passeriformes,AVIBASE-6F65F82B,5.0,2.0,3.0,0.0,3.0,22.4,13.9,7.6,6.0,18.6,121.2,45.1,74.9,37.5,214.0,39.3,Dunning,,NO,,,Human Modified,2.0,3.0,Omnivore,Invertivore,Insessorial,24.1,40.59,33.46,-98.04,1445850.08
42,7.943968799569127,1.402394568466762,0.6144181174133168,0.013487162057687194,0.9145529519131955,5.032513139539034,1.4659497361123344,0.0876068115234375,0.16892126701184237,0.07783839920291848,-11.2,0.13992230057396796,0.9168667667837489,0.7166625261306763,0.0863935906214465,0.0014569251346983948,0.12750737573951482,0.012547928048297763,0.05543164126574993,0.0,0.0,36.851546986111586,37.852116496057,0.11653865519911051,0.1693700760602951,0.20971886962652206,0.09197798669338227,0.06770884320139885,0.09879180938005447,0.15243856385350227,0.09345520567148924,119.00295461942179,66.52599072902005,0.02695491462945938,0.09324708208441734,0.1129175990819931,0.12747653424739838,0.14938538521528244,0.15773804485797882,0.16687117964029313,0.16540926396846772,152.43608706053743,62.50492284967915,12649.1,641.4500235795974,0.39578484124374846,1.042842474801848,0.7294684352718377,0.5009686448845694,Vermilion_Flycatcher,Pyrocephalus rubinus,5799.0,Pyrocephalus rubinus,Tyrannidae,Passeriformes,AVIBASE-1456993D,29.0,10.0,19.0,0.0,8.0,14.4,9.7,5.4,4.0,16.7,74.3,16.7,57.7,22.4,57.6,14.4,Dunning,,NO,,,Woodland,3.0,3.0,Carnivore,Invertivore,Insessorial,-41.16,39.48,-0.22,-79.92,8461953.41
43,8.012246959432895,1.488568649606325,0.5827040366797342,0.010966440131692377,0.932344692517313,5.174485513827948,1.4946515695536355,0.079541015625,0.15811364458326577,0.07894158978755308,-16.2,0.12345727795937371,0.9915717526851713,0.5281558021903038,0.3523979544639587,0.016034168470650912,0.08605393394827843,0.012760448455810546,0.004597688931971789,0.0,0.0,41.30953202017732,23.488815645594578,0.10719321458600461,0.12373277954757214,0.20510314032435417,0.18006713986396788,0.20199522972106934,0.09984684996306896,0.04812912428751588,0.033932519238442184,108.5396499269074,48.891429817925726,0.10851028598845006,0.15092240422964096,0.14325666129589082,0.15702375024557114,0.13358988463878632,0.11887679398059844,0.10071265920996667,0.08710755780339241,119.89094388945303,65.60314219457491,13249.4,602.1612933635712,0.4822893049709075,1.1540481517849,0.8142335682559818,0.6029095479229247,Yellow_bellied_Flycatcher,Empidonax flaviventris,5874.0,Empidonax flaviventris,Tyrannidae,Passeriformes,AVIBASE-7B0669CB,35.0,4.0,7.0,24.0,4.0,12.9,8.4,5.7,3.7,17.2,66.9,15.3,48.3,24.1,52.6,11.8,Dunning,,NO,,,Forest,1.0,3.0,Carnivore,Invertivore,Insessorial,41.0,64.06,52.96,-94.52,5332665.34
44,7.814440308680278,1.0818110236347471,0.7304764769624625,0.052772605166529915,0.9328876665086501,4.096244011688044,1.417148926097672,0.0569061279296875,0.26215456387167074,0.3445438485320181,-13.0,0.13338725345403785,0.9424654463312881,0.4762304909527302,0.02832077220082283,0.09110570568591356,0.31616105437278746,0.016878588125109673,0.07130338749848306,0.0,0.0,61.33720009083013,50.920453525680884,0.32842837572097777,0.24921820759773256,0.12799323163926601,0.0652349416166544,0.07109527001157404,0.13780358522199093,0.01933599035255611,0.0008904037647880613,71.5009430314455,35.517229725269,0.20951375663280486,0.14222080828621983,0.053864921629428866,0.040933902561664584,0.081669657304883,0.12513592541217805,0.13437677957117558,0.21228423975408078,133.76069860257422,71.06322068534496,10093.6,619.9907297849655,0.3195546660038421,1.0657989732218618,0.6880159085134346,0.4512301604790319,Frigatebird,Fregata magnificens,2275.0,Fregata magnificens,Fregatidae,Suliformes,AVIBASE-8AA3B42E,5.0,1.0,1.0,3.0,4.0,121.9,95.9,25.8,22.5,28.9,642.0,413.0,232.2,64.0,439.8,1490.52,Dunning,,NO,,,Marine,3.0,3.0,Carnivore,Aquatic predator,Aerial,-27.66,27.33,-14.03,-60.1,191468.89
45,6.987015660966056,1.4176701979541317,0.5849273533646417,0.013098328975168263,0.9420051589539542,5.107528028102686,1.5229155215967585,0.0921844482421875,0.13802681514641948,0.15628058847547072,-8.6,0.1654551000738162,0.9791049179435752,0.5970312058925629,0.09127621464431286,0.11044881041161717,0.14169483073055744,0.015886879549361764,0.04366206731647253,0.0,0.0,46.18658437657259,39.78615903562216,0.525995010137558,0.33050560355186465,0.08483092561364174,0.015628627224941738,0.006097734824288636,0.011990449170116334,0.013684284822375048,0.011267358064651489,38.73739502007576,31.868873284607947,0.012352203211048619,0.15455049648880959,0.13629216253757476,0.16205854266881942,0.12649552673101425,0.1328665316104889,0.133271661400795,0.14211288318037987,139.76403305946408,61.62201672924648,11604.2,598.5231130838395,0.43274554545240773,1.008314918181273,0.7429900074805399,0.5062524589448898,Northern_Fulmar,Fulmarus glacialis,2040.0,Fulmarus glacialis,Procellariidae,Procellariiformes,AVIBASE-049D9AEA,8.0,4.0,4.0,0.0,4.0,41.3,23.6,11.9,14.4,48.8,321.1,162.5,155.0,51.1,134.9,611.94,Dunning,,NO,,,Marine,3.0,3.0,Carnivore,Aquatic predator,Aquatic,36.34,84.96,64.81,-12.35,29451058.1
46,19.353582502568266,2.593084072470541,0.4612088435745285,0.0071621718218031925,0.8194930901764745,5.6585935313551134,1.5639654815297939,0.0931884765625,0.23825900608704953,0.23527960801821277,-8.0,0.1554544868188547,0.9732557980134677,0.7757126450538635,0.06349844979122281,0.028069674968719482,0.036963442880369256,0.0348117608577013,0.06094402698799968,0.0,0.0,35.448192718417616,34.41901263896621,0.1337718746624887,0.3160164698958397,0.2250223398208618,0.14161640927195548,0.09240428488701583,0.044514758186414836,0.020739363180473445,0.02591450624167919,82.14790082863175,44.22548229758165,0.0806329283863306,0.10097736492753029,0.14325887858867645,0.15159644633531572,0.14015257656574248,0.1312624081969261,0.13639809638261796,0.11572130471467972,133.8886209573344,66.24087763091681,13768.9,599.8402692079544,0.47986698083264123,0.8736051664480733,0.816645107891444,0.5982454187185324,Gadwall,Mareca strepera,513.0,Mareca strepera,Anatidae,Anseriformes,AVIBASE-C235A4D7,6.0,3.0,3.0,0.0,4.0,48.7,34.7,16.5,13.7,36.5,251.3,137.0,113.0,54.8,83.0,915.58,Dunning,,NO,,,Wetland,3.0,2.0,Herbivore,Herbivore aquatic,Aquatic,27.64,67.99,49.62,29.99,18552362.65
47,9.489702302677895,1.448853109203195,0.6286956022301937,0.020988453937214383,0.9412769610267289,4.957737677998855,1.4878647365307363,0.09166259765625,0.10256803939940803,0.03634094332672293,-11.6,-0.032762237513900574,0.9491015878706811,0.6810896217823028,0.17953889593482017,0.020995422481792047,0.09994658338837326,0.009746639314107597,0.008682845722069033,0.0,0.0,38.95736452435719,25.97915190376552,0.1454794354736805,0.11168086342513561,0.11337059438228607,0.11989337354898452,0.11365540176630021,0.14448703080415726,0.15495219081640244,0.09648110624402761,126.88835504117579,68.08579094269564,0.19492559283971786,0.13810308277606964,0.10501917004585266,0.10246140062808991,0.09151019006967545,0.10021138116717339,0.11870072782039642,0.14906846210360528,120.7408083959582,78.78190026921645,14852.4,644.4358100414277,0.4348875835034283,1.0329266035598763,0.7931680392421743,0.5518496524145912,American_Goldfinch,Spinus tristis,10229.0,Spinus tristis,Fringillidae,Passeriformes,AVIBASE-C9ABA616,9.0,4.0,5.0,0.0,8.0,11.5,8.2,4.3,6.3,13.5,69.8,19.1,50.3,27.6,48.3,12.79,Dunning,,NO,,,Forest,1.0,1.0,Herbivore,Granivore,Insessorial,31.4,57.36,44.46,-96.32,7802444.22
48,11.91856291317838,1.8832376549203922,0.5322111084237575,0.010753794677589114,0.8797488496855801,5.272400649552006,1.496886026353457,0.07886962890625,0.2036652387770334,0.056553673664206314,-17.0,0.022425203338271783,0.9799248325001197,0.6870824754238128,0.07464967183768749,0.0544045252725482,0.13141319155693054,0.02987783614662476,0.022572301563923248,0.0,0.0,43.202228968044885,32.18121697104172,0.15623900890350342,0.1779231011867523,0.182300659827888,0.20561931729316713,0.17645449936389923,0.0726958740502596,0.017341427120845763,0.011426118446979671,92.18419924468921,42.63748007006712,0.04892701879143715,0.10967918485403061,0.11023367345333099,0.10015335530042649,0.09125917551573366,0.1022186316549778,0.2706582576036453,0.16687070578336716,153.2171747143947,58.44668338507129,10814.7,535.4735745429992,0.414577196841244,0.9729898308990869,0.7858059073940376,0.5251019343848992,European_Goldfinch,Carduelis carduelis,10214.0,Carduelis carduelis,Fringillidae,Passeriformes,AVIBASE-59353A05,30.0,11.0,19.0,0.0,12.0,15.4,11.2,5.5,7.2,14.7,77.4,25.8,51.6,33.4,48.6,16.0,Dunning,,NO,,,Woodland,2.0,1.0,Herbivore,Granivore,Insessorial,23.49,63.96,50.13,35.73,11860717.87
49,12.426537701548957,1.7445666944165938,0.5861292693612702,0.0203404359381819,0.9070687031479381,5.027495698760759,1.4777592715991286,0.06680908203125,0.11614285797184691,-0.027648568816972773,-12.8,0.10282071832520603,0.9659048798980283,0.43110882490873337,0.2716408843174577,0.1017452584579587,0.1387896690517664,0.03685747269191779,0.019857896369649096,0.0,0.0,51.753932063294414,33.88006368196663,0.2355970242060721,0.1846306711435318,0.14374242685735225,0.12340867221355438,0.11430828347802162,0.09114619046449661,0.06146942861378193,0.045697305258363484,93.54909881166785,48.92552755648778,0.17073542326688768,0.1920073002576828,0.11982865184545517,0.10458984449505807,0.09500027000904084,0.09989702999591828,0.14849309250712395,0.06944839209318161,111.84799642621776,72.64932297767712,13543.3,621.2559106111527,0.43117926070755563,0.8750470320578734,0.7849415074250888,0.5770156443833019,Boat_tailed_Grackle,Quiscalus major,10539.0,Quiscalus major,Icteridae,Passeriformes,AVIBASE-EF47E15D,5.0,3.0,2.0,0.0,4.0,38.5,28.1,6.9,10.5,42.8,155.0,47.6,111.9,29.7,141.4,151.21,Dunning,,NO,,,Wetland,3.0,1.0,Carnivore,Omnivore,Terrestrial,24.99,41.14,30.85,-81.65,202767.11
50,5.934695812254214,1.2641302816798783,0.6109386401211115,0.012681293580179259,0.9446540043702465,4.995847836286496,1.4623428248937687,0.0753326416015625,0.12954170343246588,0.02032251716342865,-13.2,0.1493084467511465,0.9774831288523114,0.49187906086444855,0.014017071691341698,0.006573889846913516,0.3319355923682451,0.06290612816810608,0.0926882529631257,0.0,0.0,67.45523231826164,51.31887464252825,0.2127413794398308,0.37257189154624937,0.18912890255451204,0.12532742768526078,0.059375894442200663,0.026010853610932826,0.007527261169161648,0.007316393163637258,66.31553073160174,40.127332277709016,0.09357944838702678,0.20208975970745086,0.14997488558292388,0.1408737927675247,0.12430818676948548,0.10286432206630707,0.11736963205039501,0.06893996894359589,115.77786720344409,65.2137474502375,15060.1,632.6069648742675,0.47322308422293685,0.9495265011049101,0.7823741612101553,0.5582401529296123,Eared_Grebe,Podiceps nigricollis,564.0,Podiceps nigricollis,Podicipedidae,Podicipediformes,AVIBASE-32DCEC14,5.0,2.0,2.0,1.0,4.0,26.2,15.4,5.5,5.9,39.6,127.2,55.1,70.1,44.0,28.0,412.44,Dunning,,NO,,,Wetland,3.0,3.0,Carnivore,Aquatic predator,Aquatic,-34.84,62.0,41.93,13.31,16435591.3
51,8.022123500031128,1.6492706885972317,0.5330456782857923,0.007710823850273609,0.9304549955336736,5.363536548598671,1.5172172594928106,0.0982391357421875,0.17696765102046452,0.2615305042983996,-13.8,0.12297430315560168,0.9899597299478635,0.6134744018316269,0.04772151838988066,0.08025893163867295,0.19889698699116706,0.01336474260315299,0.046283412049524485,0.0,0.0,47.42337850649444,42.40638005752588,0.4363452285528183,0.24133698940277098,0.15407102555036545,0.10730376169085502,0.043636033218353985,0.010837519215419889,0.004162026059930213,0.0023074293974787,51.40352791258827,38.47147494328389,0.058171145245432855,0.12431782633066177,0.14997631162405015,0.17115792334079744,0.16571739315986633,0.12046568989753723,0.12220589816570282,0.08798781037330627,129.32138831783783,62.23281634091675,14804.1,633.6441351175308,0.466852369019865,0.920286891768661,0.8207235779036649,0.5548532344591115,Horned_Grebe,Podiceps auritus,563.0,Podiceps auritus,Podicipedidae,Podicipediformes,AVIBASE-018B3169,6.0,2.0,4.0,0.0,4.0,30.2,15.4,4.7,7.1,42.9,137.8,57.2,78.3,42.2,33.2,453.0,Dunning,,NO,,,Wetland,3.0,3.0,Carnivore,Aquatic predator,Aquatic,41.12,70.66,57.33,19.63,16211072.27
52,9.553902340286506,1.7941100914221537,0.5230580678203018,0.008536358693401965,0.9195571915573657,5.355214279051608,1.4510194901633442,0.0689483642578125,0.34014134610025976,-0.06167147681327554,-15.0,0.21556607570878555,0.9773393658720838,0.6854442000389099,0.055338142620166765,0.055044828017707916,0.11583572812378407,0.038913860777392985,0.04942324467119761,0.0,0.0,42.40451182946955,47.66451873016901,0.2812512695789337,0.23895593285560607,0.19782323390245438,0.17225329875946044,0.07253116108477116,0.022524723131209613,0.009016190376132726,0.005644194060005247,67.40448284883743,44.067612373070034,0.05659677237272263,0.1659231349825859,0.1703755021095276,0.16901494264602662,0.12579868733882904,0.11060098856687546,0.10050803571939468,0.10118193961679936,124.17138589046678,65.54185547866373,12113.9,574.6971226930618,0.4599174107079553,1.004483524620511,0.7992470030411553,0.5732009671335592,Pied_billed_Grebe,Podilymbus podiceps,554.0,Podilymbus podiceps,Podicipedidae,Podicipediformes,AVIBASE-9A8E55D0,8.0,2.0,2.0,4.0,4.0,28.8,14.1,5.4,10.6,37.1,125.6,41.8,81.1,34.0,32.6,411.93,Dunning,,NO,,,Wetland,3.0,2.0,Carnivore,Aquatic predator,Aquatic,-51.63,62.3,21.61,-86.81,21361785.48
53,11.801849536111092,1.9399513550137244,0.5358091021415737,0.01643958357548517,0.8967379232361751,5.051061952936519,1.48984413834321,0.0674713134765625,0.09550947431616569,0.3853758897828109,-7.4,0.042107968745802506,0.9330228170060348,0.44931233376264573,0.017385609610937536,0.007291495095705614,0.45195221304893496,0.0452379013877362,0.028820439148694275,0.0,0.0,66.50221455169127,33.63163335702927,0.3971592500805855,0.2826185241341591,0.107230244576931,0.0788654750213027,0.11665752883418463,0.01546586593030952,0.00183605212951079,0.00016705586458556354,56.44137663876656,32.26162216087898,0.0316546340007335,0.05398431904613972,0.09121424853801727,0.20762573927640915,0.1454443335533142,0.25315777212381363,0.12124882191419602,0.09567013531923294,146.91272462430294,49.714368987428735,9972.4,465.77425320148467,0.5307989782432485,0.9233138202230083,0.818092196490596,0.5916156055851113,Western_Grebe,Aechmophorus occidentalis,570.0,Aechmophorus occidentalis,Podicipedidae,Podicipediformes,AVIBASE-C6E1197B,4.0,0.0,3.0,1.0,4.0,73.2,54.1,6.6,10.2,71.7,184.5,75.4,109.0,40.8,29.8,1136.95,Dunning,,NO,,,Wetland,3.0,3.0,Carnivore,Aquatic predator,Aquatic,18.07,58.29,44.29,-110.04,4866227.6
54,15.108194728865396,2.2274462620310382,0.48259675129530166,0.00829863810728029,0.851581758196982,5.491551299596302,1.4349521174705342,0.0521820068359375,0.12241250967967739,0.1067275535459133,-15.2,0.03816567984364285,0.9591531054245601,0.24702145159244537,0.1201637745136395,0.0257267719367519,0.524985283613205,0.051713956403546035,0.030388766527175905,0.0,0.0,83.22297697272454,42.94277852808862,0.18540966212749482,0.19677764177322388,0.14489192217588426,0.14045868515968324,0.14170260429382325,0.08496922329068184,0.06296838619746267,0.04282187299104408,98.28573479360637,58.19638644602519,0.05690095452591777,0.13453415036201477,0.15192737579345703,0.18334330022335052,0.16501197218894958,0.13283927589654923,0.09060490727424622,0.08483805730938912,126.42868995743675,61.936777170838376,11274.8,550.5799660205842,0.4730863758237044,1.0283081516833052,0.8092352982908213,0.5577751330191626,Blue_Grosbeak,Passerina caerulea,10712.0,Passerina caerulea,Cardinalidae,Passeriformes,AVIBASE-A7A75EA1,22.0,7.0,14.0,1.0,7.0,17.0,12.3,7.4,10.9,20.3,86.1,19.9,67.2,22.9,64.4,27.39,Dunning,,NO,,,Forest,2.0,3.0,Carnivore,Invertivore,Generalist,9.17,46.7,32.93,-98.5,5300267.2
55,9.983703221678926,1.5585411933795057,0.5900968258707876,0.010993877029020521,0.9303134686970502,5.195167035151261,1.459568640195826,0.082373046875,0.16580446150647082,0.027906957865484333,-11.8,0.1464355721998736,0.995947503199015,0.712697559595108,0.08089180439710617,0.0675784376449883,0.0830749362707138,0.03224144157138653,0.023515823656634894,0.0,0.0,40.46728653505525,29.15286279397455,0.08096288386732339,0.1420437853783369,0.18412513583898543,0.18315975069999696,0.15571989268064498,0.12431358844041825,0.08739938996732236,0.04227557480335235,115.42405561351987,54.36238674570787,0.10205278098583222,0.17343622148036958,0.14154699295759202,0.11878256946802139,0.1140524461865425,0.09844990521669388,0.11309932321310043,0.13857975900173186,125.22848751317756,73.41432159859906,14174.6,624.9495177984238,0.44635479639287434,1.0554403253767373,0.8017931660159567,0.5500712644802033,Evening_Grosbeak,Hesperiphona vespertina,10060.0,Hesperiphona vespertina,Fringillidae,Passeriformes,AVIBASE-C6B5497C,5.0,2.0,3.0,0.0,4.0,22.7,16.0,10.5,14.5,21.4,109.8,37.6,72.4,34.2,67.2,57.3,Dunning,,NO,,,Forest,1.0,2.0,Herbivore,Omnivore,Insessorial,17.03,60.61,47.25,-102.49,3942604.88
56,15.129482703770426,2.057487055543052,0.5270745941091933,0.009798432281284094,0.8624357688760276,5.357293490523096,1.4870286245429716,0.1000213623046875,0.2509307882089217,0.1322515784826001,-8.0,0.09058686310326564,0.9712410149213276,0.5905275881290436,0.021547600044868886,0.017837502917973324,0.07772437282110331,0.036715668218676,0.2556472696363926,0.0,0.0,65.50888339813541,58.76603186917189,0.21680408753454686,0.2066748023033142,0.21762045621871948,0.1549486294388771,0.13312612753361464,0.05393978535576025,0.009737498685717582,0.007148615317419171,79.4124821163879,46.09878755427626,0.033721643639728426,0.12824084907770156,0.14461749643087388,0.1725945144891739,0.13779954463243485,0.14233485758304595,0.12304989695549011,0.11764119416475297,136.4142157197718,63.64986130907166,16520.1,671.0597775220871,0.4612845439315862,1.0285230146742355,0.8105488843151454,0.5596069356461308,Pine_Grosbeak,Pinicola enucleator,10129.0,Pinicola enucleator,Fringillidae,Passeriformes,AVIBASE-83AC4DAD,13.0,6.0,7.0,0.0,4.0,16.6,12.3,8.6,11.2,19.6,109.2,32.1,77.1,29.4,85.1,56.4,Dunning,,NO,,,Forest,1.0,2.0,Herbivore,Omnivore,Insessorial,34.57,70.33,58.66,26.24,18396768.3
57,8.40376711034067,1.3890753177823298,0.6307757439518938,0.012491439354449652,0.9385962243953813,5.084558373870336,1.5189592323919492,0.0983734130859375,0.17708039958467753,0.07796051409523386,-5.0,0.05615888412434213,0.9798589299610597,0.3761790871620178,0.3468279272317886,0.015560704702511429,0.17377988244406878,0.04952036403119564,0.03813203917816281,0.0,0.0,54.35350430211362,33.1089592619467,0.28979845345020294,0.2369609832763672,0.19856787323951722,0.09579874202609062,0.0621169425547123,0.04685499295592308,0.042037181369960305,0.027864824794232846,74.42904366980511,56.39837551607934,0.11290779244154692,0.13951005786657333,0.14054099917411805,0.14108007103204728,0.12500723600387573,0.1303081527352333,0.11312197744846345,0.09752371311187744,123.64789706987612,68.9442258720928,16302.8,649.9172244548797,0.47788149857342166,0.9016400510515596,0.796171775606733,0.5780554792801358,Rose_breasted_Grosbeak,Pheucticus ludovicianus,10703.0,Pheucticus ludovicianus,Cardinalidae,Passeriformes,AVIBASE-7C2FCB13,47.0,25.0,21.0,1.0,10.0,18.6,11.8,8.8,11.8,21.6,101.3,27.4,75.8,26.5,74.6,42.0,Dunning,,NO,,,Forest,2.0,3.0,Herbivore,Omnivore,Insessorial,33.98,63.06,47.76,-96.18,3980871.24
58,7.015046169739098,1.2424999189401256,0.6457590833284886,0.021147732871117618,0.9266291561164752,4.712383422513287,1.3446096922244741,0.0415283203125,0.24515530004841465,0.19802134353254083,-11.4,0.13870824258965522,0.9379697278574992,0.32227983325719833,0.024022069526836276,0.04437037259340286,0.4307969963178039,0.10043798349797725,0.07809274177998304,0.0,0.0,82.62264739711438,49.94619365658182,0.4081066608428955,0.29382551908493043,0.17745813354849815,0.046900438517332076,0.038536938326433304,0.0186739400960505,0.01001515779644251,0.006483214098261669,50.449311308171026,41.072501128120635,0.11351623311638832,0.17826612740755082,0.17000918537378312,0.2049308627843857,0.16186817586421967,0.06219667792320251,0.04341220464557409,0.06580053716897964,105.5424501552928,58.68374126725539,11653.0,559.204526424408,0.46802088861802293,1.0323408124754236,0.7810678747424494,0.5343939630213206,Pigeon_Guillemot,Cepphus columba,2698.0,Cepphus columba,Alcidae,Charadriiformes,AVIBASE-2F5DF476,5.0,3.0,2.0,0.0,4.0,36.5,22.4,6.1,9.9,32.0,173.4,69.2,103.5,40.1,46.4,530.0,Dunning,,NO,,,Marine,3.0,3.0,Carnivore,Aquatic predator,Aquatic,34.29,69.21,55.77,-72.97,1700815.29
59,9.025676384954929,1.4763945457395828,0.6169802946338476,0.011431519652024682,0.9306086124631479,5.1477283238187175,1.5430036121578303,0.10123291015625,0.09166789430093338,0.2628658672543504,-15.4,0.12022043207956898,0.9649956961814361,0.393879896402359,0.17725168289616705,0.12035184446722269,0.2926480002701283,0.011174657136143651,0.004693922051228583,0.0,0.0,58.8475874767553,37.52848909125639,0.5067484319210053,0.2529647946357727,0.1278087329119444,0.05208006426692009,0.02850319012068212,0.013967650756239892,0.00932450566906482,0.008602620824240148,43.75395545125328,42.640191057086,0.03952164519578218,0.09730945229530334,0.1306975618004799,0.124045330286026,0.1803927317261696,0.15272874981164933,0.14362099170684814,0.1316835418343544,144.0431898554845,63.812125331450275,11713.2,609.0152915716171,0.4082243191222875,1.0120794099138912,0.7440899800469258,0.5188300816401646,California_Gull,Larus californicus,2626.0,Larus californicus,Laridae,Charadriiformes,AVIBASE-7FCE8A43,4.0,2.0,2.0,0.0,4.0,55.7,19.8,7.0,14.2,57.0,377.0,220.2,156.8,58.4,140.0,683.39,Dunning,,NO,,,Coastal,3.0,2.0,Omnivore,Omnivore,Terrestrial,37.92,64.01,52.58,-110.0,1997786.84
60,4.808775910752063,1.1600695820516989,0.6280878939890344,0.013643038897941556,0.9506223362145567,4.924289586350907,1.4964609269925804,0.1235076904296875,0.2650551496026245,0.2780444540123639,-1.2,0.1160690822105711,0.9904073470866415,0.33886765539646146,0.1118324087234214,0.06603930252604187,0.3576327234506607,0.08550630608806387,0.04012161339633167,0.0,0.0,75.10867683746561,44.487739069349686,0.6325507581233978,0.21784773990511894,0.08238806203007698,0.03406550418585539,0.019947447767481207,0.008599977045378182,0.0035109025819110686,0.001089615491218865,33.20361432306712,31.559365575868686,0.012509149312973023,0.12501660212874413,0.20890481621026993,0.19741705060005188,0.16599770188331603,0.14306928515434264,0.08779512941837311,0.05929026771336794,126.62444641392794,54.03744894098618,18646.0,749.3730676412582,0.4109939754647177,1.1941877751191374,0.7677543199538717,0.5520010036611545,Glaucous_winged_Gull,Larus glaucescens,2636.0,Larus glaucescens,Laridae,Charadriiformes,AVIBASE-03AC32BA,4.0,2.0,2.0,0.0,4.0,69.8,25.2,9.2,19.7,65.2,411.8,218.2,193.5,53.0,166.0,1056.54,Dunning,,NO,,,Coastal,3.0,3.0,Carnivore,Aquatic predator,Generalist,45.49,65.31,58.07,-98.43,899194.26
61,8.331060833973336,1.3954250536173927,0.6175219957547838,0.01460371251478241,0.926325113118472,4.989609053720294,1.5002641474492542,0.091961669921875,0.24081242982449877,0.24056794869279755,-10.8,0.23527581247606558,0.9835094908335013,0.5766332149505615,0.02284143059514463,0.019239929993636905,0.2872103791683912,0.054367474582977596,0.039707568287849423,0.0,0.0,56.340429399493054,46.01317600961393,0.5344452679157257,0.2835633039474487,0.10433841682970524,0.039526785165071486,0.03039474571123719,0.00648039449006319,0.0007562116894405335,0.0004948785543092526,37.42881477392207,31.53859949902209,0.06176392501220107,0.14360256642103195,0.20087486505508423,0.16930167078971864,0.11885780319571496,0.15716391205787658,0.11282912865281106,0.03560612201690674,119.62760562546976,59.22588240525239,15875.8,705.6309333086014,0.3912022421367275,0.9522633642681197,0.7596711808371046,0.5179164601252225,Heermann_Gull,Larus heermanni,2617.0,Larus heermanni,Laridae,Charadriiformes,AVIBASE-6996D540,4.0,2.0,2.0,0.0,4.0,56.3,18.0,6.0,12.2,51.6,336.2,185.8,150.5,55.2,133.2,499.99,Dunning,,NO,,,Coastal,3.0,1.0,Carnivore,Aquatic predator,Aerial,20.29,36.98,27.49,-114.16,842438.69
62,12.93207248523753,1.9400628288729327,0.5338439637000404,0.013840564124999158,0.8256545341657539,4.935859009742289,1.5488329689106815,0.11187744140625,0.0469368643749694,0.20328398537278208,-13.6,0.03839393236830168,0.9406393142553705,0.32614859044551847,0.05906370696611703,0.09999680528417229,0.4538649469614029,0.03115064725279808,0.029775311704725027,0.0,0.0,75.0026372986893,42.25781083261414,0.6693393468856812,0.19035376012325286,0.08880649488419294,0.03659150120802224,0.009433472606178838,0.0037603484466671943,0.0013393979519605637,0.00037568016559816895,29.15571067014921,25.213231814063796,0.012115415651351213,0.07298980355262756,0.13636615430004895,0.13262779135257005,0.1908695951104164,0.17524318099021913,0.12664778679609298,0.15314027797430754,150.52302270453444,49.46036136721608,13951.4,576.6388409614563,0.39316389560666004,1.1418315018315017,0.7286089585750074,0.4920096465855373,Herring_Gull,Larus argentatus,2629.0,Larus argentatus,Laridae,Charadriiformes,AVIBASE-F002188E,6.0,2.0,4.0,0.0,2.0,74.0,24.5,8.9,19.6,63.2,430.8,230.3,200.5,53.4,170.2,1090.99,Dunning,,NO,,,Coastal,3.0,2.0,Carnivore,Aquatic predator,Generalist,44.17,71.19,62.73,23.88,1540126.95
63,4.077294740585136,0.8918604493352994,0.7023963818583423,0.02769697294397619,0.9594910476168195,4.469192166692315,1.647124807115714,0.1654571533203125,0.4220647073305345,0.21847807006953204,-3.2,0.31512913747201016,0.9445625294777578,0.33126116679050027,0.07961056744679809,0.1292824912816286,0.4486070543527603,0.008878752397140487,0.0023599619045853613,0.0,0.0,69.46420116686778,28.842257532059485,0.8201299548149109,0.15531068071722984,0.02162300068885088,0.001880167270428501,0.0008089523820672184,0.00024725041002966465,0.0,0.0,19.732312333968242,14.41457579670905,0.015603529720101506,0.03353931725723669,0.06084580458700657,0.1545855514705181,0.1581757664680481,0.16304105669260024,0.17323012053966522,0.2409788563847542,170.32354190614765,50.17452376253976,14977.3,657.7598653554917,0.4346176177578564,1.0567546016153302,0.7650480897957062,0.5130685619316676,Ivory_Gull,Pagophila eburnea,2593.0,Pagophila eburnea,Laridae,Charadriiformes,AVIBASE-FED91A1F,5.0,2.0,2.0,1.0,4.0,45.1,16.5,6.6,11.6,38.7,333.4,201.8,129.2,61.0,137.0,549.99,Dunning,,NO,,,Marine,3.0,2.0,Carnivore,Aquatic predator,Aerial,50.73,84.11,74.49,-22.41,17367390.8
64,6.5566323833203395,1.2512747332616123,0.6361647013635066,0.012705803147619387,0.9395594191817258,4.988922246299851,1.5302515000977068,0.0928558349609375,0.2502498053699191,0.2547645880818956,-7.4,0.1097339664294672,0.9009762299926871,0.2500072600785643,0.06534147944767028,0.01641733255237341,0.6127407938241959,0.041937322542071345,0.013555805035866796,0.0,0.0,83.03865440086307,32.530944427095676,0.4944363862276077,0.2176449865102768,0.12624763697385788,0.09410750716924668,0.0461097851395607,0.010253733024001122,0.005200763726315926,0.005999188777059317,47.50673909573622,42.067965295585886,0.04152807593345642,0.06122381091117859,0.14698019176721572,0.18781569600105286,0.2178358852863312,0.14719772040843965,0.1056172713637352,0.09180135317146779,137.10541186005707,56.9272102361157,12045.1,607.1275708913803,0.4102452380808252,1.099152937021264,0.7581523217466261,0.49420565765364516,Ring_billed_Gull,Larus delawarensis,2622.0,Larus delawarensis,Laridae,Charadriiformes,AVIBASE-23863F65,5.0,2.0,2.0,1.0,4.0,48.1,19.6,6.2,13.0,51.2,366.0,205.5,160.0,56.2,133.2,516.31,Dunning,,NO,,,Coastal,3.0,2.0,Carnivore,Omnivore,Terrestrial,39.94,61.17,50.01,-101.06,5396423.36
65,7.042173718077653,1.3125816505036836,0.626624535823922,0.01242090576930079,0.9477944568455964,5.028432100544262,1.535308896618897,0.10389404296875,0.24782459292844897,0.382504854379977,-12.4,0.1490282740981345,0.9508512956478858,0.25625014752149583,0.06347391493618489,0.0920844629406929,0.48774216175079343,0.057035411801189186,0.04341390281915665,0.0,0.0,82.82499222716474,40.62963545204171,0.6526621341705322,0.24880422949790953,0.05913470759987831,0.021598726324737073,0.009121960285119713,0.004655236843973398,0.0025786248734220862,0.0014443684340221807,30.708521326599715,28.949751597501603,0.053376118652522564,0.12956375926733016,0.15088678747415543,0.13643132895231247,0.1261141911149025,0.16013067439198495,0.1312837705016136,0.11221337541937829,134.85169028831757,65.57390361759849,14124.3,675.7245398283005,0.3919081295944576,1.0058821452909688,0.7446859131248833,0.5270963787166157,Slaty_backed_Gull,Larus schistisagus,2635.0,Larus schistisagus,Laridae,Charadriiformes,AVIBASE-456C7FAE,4.0,2.0,2.0,0.0,4.0,68.1,24.8,9.2,19.6,68.2,435.0,231.0,204.0,53.1,171.5,1323.0,Dunning,,NO,,,Coastal,3.0,2.0,Carnivore,Omnivore,Generalist,40.6,66.86,53.48,145.75,1114985.14
66,8.434155905561857,1.4005380848781204,0.6197337578844447,0.014342465302921955,0.9281397750136817,5.028435093930385,1.5302643895254227,0.1074462890625,0.3466603535100854,0.243852307023114,-18.2,0.19624812440495068,0.9163587695999574,0.34976134449243546,0.09084369416814297,0.07853711978532374,0.3509884089231491,0.0917765366844833,0.038092905189841986,0.0,0.0,73.14922456429422,45.566732795050655,0.633805787563324,0.22083966732025145,0.059715934470295905,0.02756254971027374,0.029834059718996286,0.017283377761486918,0.005765810984303244,0.005192825640551746,35.599825662145,37.23145807064984,0.053921166667714716,0.10804679244756699,0.1345827266573906,0.16041253209114076,0.1413438618183136,0.1263736069202423,0.16759562492370605,0.1077236846089363,137.53306826121516,64.69006260350615,13849.5,715.3245396614075,0.3556061385839267,1.0513991739384239,0.7012494106849061,0.4792187535760394,Western_Gull,Larus occidentalis,2625.0,Larus occidentalis,Laridae,Charadriiformes,AVIBASE-575A3E3B,6.0,4.0,2.0,0.0,5.0,64.8,23.8,8.5,18.3,64.2,397.5,200.6,193.0,51.0,145.2,922.78,Dunning,,NO,,,Marine,3.0,2.0,Carnivore,Omnivore,Generalist,27.01,46.73,35.71,-120.02,91633.8
67,7.0751052046864755,1.3973026563696638,0.6034797034570609,0.01731234940527915,0.9341275647873386,4.997045439622036,1.501356231571755,0.07899169921875,0.1917098198365033,0.26909764899639776,-9.2,0.04426811111909331,0.9510819990327575,0.6120458394289017,0.11670180990186055,0.004092025046702474,0.04808715004473925,0.06622816473245621,0.15284500878769905,0.0,0.0,55.05080914182042,43.58381704174537,0.10503711550263688,0.15435168296098709,0.24377122968435289,0.22503867745399475,0.11458010002970695,0.08682816606014968,0.04078112691640854,0.02961190170608461,100.85125863229464,49.88986105192216,0.06697495933622122,0.12043223679065704,0.19507349729537965,0.1503586158156395,0.13267747610807418,0.12374879270792008,0.10916457548737526,0.10156985372304916,127.35412196264625,63.9646232509402,15577.4,632.5328663110733,0.4856693080493161,1.2048165687239527,0.814828059612353,0.5650456551813718,Anna_Hummingbird,Calypte anna,1557.0,Calypte anna,Trochilidae,Caprimulgiformes,AVIBASE-42393721,5.0,2.0,3.0,0.0,3.0,20.6,15.7,1.6,1.7,4.6,49.0,32.1,16.9,65.6,30.0,4.24,Dunning,,NO,,,Woodland,2.0,2.0,Herbivore,Nectarivore,Aerial,28.86,49.69,37.61,-118.56,493015.73
68,6.385206865073885,1.3112462081614666,0.6165845584675196,0.018766868943577708,0.952527660876609,4.946717726827238,1.3935896452751197,0.0485382080078125,0.21229193772679475,0.344480220078451,-2.4,0.14216213616463352,0.977939739125496,0.283376526273787,0.3795325353741646,0.13139332203427329,0.1740292340517044,0.016577954310923813,0.015090427675750107,0.0,0.0,57.603443744916795,26.449215182005833,0.3088907763361931,0.21405789405107498,0.2618371069431305,0.11825124118477107,0.05660873614251614,0.025330684892833234,0.005903198051964864,0.009120357476058416,64.4602786496891,39.6733665011626,0.12147737741470337,0.17140932008624077,0.1807655245065689,0.1711524933576584,0.11274109929800033,0.08300829082727432,0.07319071292877197,0.0862551774829626,110.21544698639809,63.816170920903176,10329.5,532.6893902301788,0.4611252743076132,1.293594903021998,0.7795456113761797,0.5363155361955194,Ruby_throated_Hummingbird,Archilochus colubris,1560.0,Archilochus colubris,Trochilidae,Caprimulgiformes,AVIBASE-DEC3D8D0,11.0,4.0,6.0,1.0,4.0,20.7,15.1,1.8,1.9,3.4,40.7,27.6,14.7,65.0,24.3,3.09,Dunning,,NO,,,Woodland,2.0,3.0,Omnivore,Nectarivore,Generalist,25.86,54.77,41.87,-87.72,4936988.47
69,5.618167408673519,1.2094664589335902,0.6357648815910453,0.014813512597468544,0.9437623033155237,4.936248466284953,1.493795074341336,0.0911285400390625,0.19862978929499256,0.2078027523148001,-12.6,0.09742369637680728,0.9810491343927558,0.6913165390491486,0.21290395613759755,0.009897259436547757,0.008178619295358657,0.019993069433257914,0.05771055731165688,0.0,0.0,35.13829103643138,32.03091386465799,0.11484767235815525,0.13917031474411487,0.2354605793952942,0.23342617303133012,0.11036735624074936,0.07435946390032769,0.036382490396499635,0.055985954217612745,103.92585513470851,52.09341679036065,0.027120862621814013,0.10478841373696923,0.13884483352303506,0.1635981172323227,0.18963041305541992,0.17448156476020812,0.10885069966316223,0.09268509894609452,137.67602546166262,57.543294672319334,12263.7,572.3393474340439,0.45633675914183963,1.2653914774990045,0.7568821317172056,0.5813524207489398,Rufous_Hummingbird,Selasphorus rufus,1563.0,Selasphorus rufus,Trochilidae,Caprimulgiformes,AVIBASE-1E1B6D19,5.0,2.0,3.0,0.0,4.0,20.4,15.4,1.6,1.7,2.5,40.7,28.2,13.9,67.0,29.8,3.5,Dunning,,NO,,,Forest,2.0,1.0,Herbivore,Nectarivore,Aerial,41.87,61.63,51.14,-123.62,1526769.21
70,6.216732986312623,1.3233653221256572,0.6109086006646206,0.013040445493255937,0.9390723533765483,5.021541870160344,1.5431082459833287,0.0800689697265625,0.004049257754571789,0.11153283067462634,-7.2,0.1130311140315787,0.975973942641484,0.31414842903614043,0.3131092950701714,0.25378023386001586,0.07745005711913108,0.016977571370080113,0.024534420578856953,0.0,0.0,55.66162244043595,32.26985709764782,0.1310505758970976,0.19711416810750962,0.21790484488010406,0.1937056601047516,0.16530183032155038,0.04916681423783302,0.021645061299204828,0.02411105637438595,92.75344957089952,48.33760870180339,0.08148075491189957,0.1301086351275444,0.1543339878320694,0.16220239996910096,0.1640897661447525,0.14281617105007172,0.09737542681396008,0.06759285777807236,122.90001405068486,60.187050399314955,13897.3,659.2226068973541,0.4280342771339517,1.2459839944036373,0.7431304028309889,0.5452162151952376,Green_Violetear,Colibri thalassinus,1253.0,Colibri thalassinus,Trochilidae,Caprimulgiformes,AVIBASE-526931C9,19.0,7.0,7.0,5.0,4.0,23.7,17.3,2.2,2.0,5.6,62.6,38.0,23.6,61.5,42.0,5.9,Dunning,,NO,,,Forest,2.0,1.0,Herbivore,Nectarivore,Aerial,-17.81,22.79,6.27,-83.03,788433.25
71,13.4465315429224,1.9635822866612371,0.5400549650031171,0.010597597211384613,0.8873136967598054,5.370859037681422,1.5595751116223744,0.1249603271484375,0.06577570338590226,0.19108846698834606,-12.6,0.07094210198664415,0.934509208596514,0.5121364645659924,0.1120250562671572,0.03323037204099819,0.27069715708494185,0.03825968526070937,0.03365126600838266,0.0,0.0,54.6521405670933,37.46085346471336,0.25215593092143535,0.20552609786391257,0.17306266874074935,0.0948496725410223,0.12112027164548636,0.11701701595447958,0.02592203299864195,0.010346302593825385,83.4768311126011,41.66317775777522,0.047995229996740815,0.1229984626173973,0.12186609208583832,0.12048642635345459,0.12478776723146438,0.13891672790050508,0.18012003898620604,0.1428292602300644,143.92819682672874,67.56095542693653,17378.4,702.8240354776383,0.4327121931210578,1.128473106554711,0.7519319365836094,0.5198545890883252,Long_tailed_Jaeger,Stercorarius longicaudus,2678.0,Stercorarius longicaudus,Stercorariidae,Charadriiformes,AVIBASE-1D446440,10.0,5.0,5.0,0.0,4.0,32.9,11.2,5.4,9.2,40.7,301.7,181.4,120.2,60.2,245.5,287.9,Dunning,,NO,,,Marine,3.0,3.0,Carnivore,Aquatic predator,Aerial,50.63,83.11,69.42,-33.46,6233403.78
72,25.82671920365737,1.814612410422998,0.560400095526042,0.062095997887613184,0.7453184837964026,3.564568496506652,1.2067909470471039,0.0503814697265625,-0.004721109445822086,0.1593626598442015,-3.6,0.0631344131681458,0.8961047279720159,0.19600086715072393,0.0455776150804013,0.060270686820149424,0.6670843444764614,0.021893391106277704,0.009173090383410454,0.0,0.0,85.93304102612925,21.479323987190774,0.4140575066208839,0.23817412853240966,0.23680372834205626,0.07389510571956634,0.028341110795736313,0.006763435713946819,0.0015108449559193104,0.00045413258485496046,50.00963159117077,28.57162475554457,0.10014707557857036,0.1891152262687683,0.12942825108766556,0.07444175034761429,0.03368909079581499,0.23563705403357743,0.1892416000366211,0.04829995185136795,124.56700633291734,59.22914820773481,8997.9,509.94624440670015,0.2750674266216667,1.4858658315850097,0.5406827043487511,0.33496614009777453,Pomarine_Jaeger,Stercorarius pomarinus,2680.0,Stercorarius pomarinus,Stercorariidae,Charadriiformes,AVIBASE-7CB8F5B7,9.0,4.0,5.0,0.0,4.0,45.8,16.1,7.2,12.5,52.0,350.8,196.1,154.5,55.8,175.6,692.47,Dunning,,NO,,,Marine,3.0,3.0,Carnivore,Aquatic predator,Aerial,-7.99,77.73,70.32,38.74,3233984.08
73,14.308603545426184,2.087821389479946,0.5107143690149524,0.008043009064782603,0.8861424049757914,5.513178423409536,1.596084900670291,0.1354644775390625,0.043757905408860764,0.07109822220996544,-8.6,0.05811107288114663,0.9884430127713607,0.4267378807067871,0.15777310281991958,0.051892407983541486,0.31366909146308897,0.01552449855953455,0.03440301646478474,0.0,0.0,60.74332572073731,43.511880421785854,0.2839417800307274,0.21341761946678162,0.20954009890556335,0.1484122708439827,0.06789861731231213,0.0357147853821516,0.020757523737847804,0.020317316288128495,72.61245230671595,51.69384804369594,0.04610936548560858,0.08810830563306808,0.1128836765885353,0.12248725295066834,0.1451597586274147,0.14634858667850495,0.14309462159872055,0.19580842852592467,151.51065146787366,68.18706106888607,16192.8,651.1838322639466,0.45123966692549133,0.9611241261120014,0.7916609798691677,0.5588519914602053,Blue_Jay,Cyanocitta cristata,7025.0,Cyanocitta cristata,Corvidae,Passeriformes,AVIBASE-1DA430B8,11.0,2.0,9.0,0.0,4.0,29.9,18.6,10.1,8.9,34.7,130.0,22.9,108.3,17.4,121.4,88.0,Dunning,,NO,,,Woodland,2.0,1.0,Omnivore,Omnivore,Terrestrial,24.53,56.76,43.18,-90.29,6665383.16
74,17.827465068438528,2.889537965457749,0.36316332884902214,0.010927285769835197,0.8584029938825349,4.990138241714333,1.2013506806881118,0.0292755126953125,0.03737937786855451,0.009347982649928529,-5.8,0.21791956213180358,0.8967658549442199,0.49535841941833497,0.33968926072120664,0.008111390098929406,0.14719499945640563,0.005474676005542278,0.004171261377632618,0.0,0.0,39.69950692403394,18.57218663208,0.13989679515361786,0.25455397367477417,0.314412559568882,0.12216409891843796,0.11218427419662476,0.02883804962038994,0.013232752680778503,0.014717508852481843,80.7974948964729,34.629803897057435,0.03148412406444549,0.055689184367656706,0.07662917375564575,0.07149398624897003,0.2605761095881462,0.31624302864074705,0.1458503156900406,0.042034073173999785,150.67357537289075,38.60073272349879,4813.7,252.9679484844208,0.4447217614716771,1.2396572412065372,0.7603532083981841,0.4574802922653182,Florida_Jay,Aphelocoma coerulescens,7023.0,Aphelocoma coerulescens,Corvidae,Passeriformes,AVIBASE-D78D24B9,9.0,2.0,7.0,0.0,4.0,30.0,17.7,9.1,9.1,37.8,116.7,20.6,96.2,17.5,140.5,77.12,Dunning,,NO,,,Shrubland,2.0,1.0,Omnivore,Omnivore,Insessorial,26.47,29.57,28.13,-81.41,6933.22
75,7.9662756049653325,1.4754901852337663,0.5818393160482114,0.009746555486831393,0.9261672393861782,5.1881980899568205,1.5138273009867331,0.1044830322265625,0.19727838021659977,-0.036506886593982366,0.0,0.03574091418806706,0.9875726861338604,0.36863353848457336,0.42172189354896544,0.06007360452786088,0.11167530864477157,0.029901423305273057,0.007994219334796071,0.0,0.0,48.15520100325297,32.71868217388751,0.11586514823138713,0.16551864594221116,0.19715622067451477,0.19046024680137635,0.1596301630139351,0.08275399208068848,0.04361401414498687,0.0450015704613179,104.14763698099573,55.624958258386755,0.06991234868764877,0.13848921954631804,0.14486366212368013,0.14635420143604277,0.1744571715593338,0.16295193433761596,0.10319281220436097,0.05977865010499954,125.07664672417528,62.069362930261946,15854.2,683.2406865358353,0.4124014181141815,1.1579057163672548,0.7613623062935356,0.5240190771044192,Green_Jay,Cyanocorax luxuosus,,,,,,,,,,,,,,,,,,,,,,,,,,,,,,,,,,,,,
76,5.705882489641629,1.2268547982826497,0.6170036509791765,0.017225354410420037,0.947515351078376,4.806054674736215,1.4076909862514229,0.061456298828125,0.15763114022754432,0.3300543144978115,-8.2,-0.0014610499576617156,0.9080600058498828,0.5839647751301527,0.09383827818674036,0.03425544202327728,0.25169944673398276,0.004001928120851516,0.03224012731661787,0.0,0.0,48.87967849923287,29.99009352528442,0.34317530542612074,0.2686492621898651,0.18454421535134316,0.11602906994521618,0.03839685954153538,0.02685315036214888,0.01618097759783268,0.006171155252377503,59.034961018766786,42.03548781521202,0.02339717177674174,0.1444472461938858,0.19466428458690643,0.15711345374584199,0.07812155969440937,0.1925266571342945,0.11781187355518341,0.0919177558273077,132.32300231986406,50.4115427656307,10245.0,582.3338764667511,0.42875360263241646,0.8696780276692111,0.7240102762346645,0.47832196024474405,Dark_eyed_Junco,Junco hyemalis,10412.0,Junco hyemalis,Passerellidae,Passeriformes,AVIBASE-05FF3C9B,8.0,3.0,5.0,0.0,4.0,11.6,7.8,4.5,5.3,21.1,75.2,16.4,58.6,21.9,63.8,19.5,Dunning,,NO,,,Forest,2.0,3.0,Herbivore,Granivore,Generalist,30.59,70.27,53.3,-109.7,10167654.77
77,10.560275477088217,1.6599895034765708,0.5906686544345016,0.019985487732058042,0.9118073053281128,5.058567912060683,1.5197807258011546,0.0788909912109375,0.1662483573562735,0.13493412489155024,-13.0,0.06158209612403235,0.9716232526793824,0.5187345147132874,0.1491078544408083,0.08608617465943098,0.221826733648777,0.018037479370832443,0.0062072543951217085,0.0,0.0,51.67217660284918,37.40610009016796,0.20772686153650283,0.24369364678859712,0.14624550491571425,0.14298970624804497,0.11678493842482567,0.06873745135962964,0.030499968305230142,0.04332192810252309,87.03090641481865,56.27700132170601,0.07789927106350661,0.13904610872268677,0.13936232328414916,0.14107008576393126,0.1278061866760254,0.11427471265196801,0.13687812648713588,0.12366319335997104,132.27515167072715,65.06839802124249,12215.9,619.0451454639435,0.4445028773798089,0.9862518740352753,0.7644871182436175,0.5494966526292308,Tropical_Kingbird,Tyrannus melancholicus,5729.0,Tyrannus melancholicus,Tyrannidae,Passeriformes,AVIBASE-BB6B236F,55.0,15.0,13.0,27.0,4.0,23.5,17.4,9.7,7.4,18.7,108.8,25.5,81.6,23.7,91.9,37.4,Dunning,,NO,,,Human Modified,3.0,1.0,Carnivore,Invertivore,Insessorial,-41.17,33.3,-8.87,-62.17,16505803.88
78,9.288736150563514,1.5530434048294421,0.592247333003536,0.014263781554599623,0.9324292546670465,5.097318544752284,1.5211367639762532,0.097576904296875,0.1308733095916194,0.20730814025750402,-13.2,0.06334297814943296,0.985506125423667,0.43887037634849546,0.27004141062498094,0.06301042763516307,0.18978123906999828,0.01791315529262647,0.020383385382592677,0.0,0.0,50.30740888077569,38.96236709134178,0.4640297621488571,0.271708020567894,0.10270831100642681,0.06607473256008234,0.06366596082225442,0.016994006372988223,0.00703135346993804,0.0077878543175756935,49.85341123656193,33.85207254752567,0.04844442866742611,0.15709366500377656,0.13527788370847701,0.14912866353988646,0.14983210265636443,0.09997033998370171,0.10764696970582008,0.15260594375431538,134.4954644297884,67.59892624569119,13582.4,729.6386658430099,0.33231676110152125,0.8845409340994008,0.6810889856132573,0.48662041840133635,Gray_Kingbird,Tyrannus dominicensis,5735.0,Tyrannus dominicensis,Tyrannidae,Passeriformes,AVIBASE-F5388B5E,9.0,4.0,5.0,0.0,4.0,30.6,21.6,11.5,8.8,18.5,116.6,35.2,81.6,30.1,89.0,46.5,Dunning,,NO,,,Forest,3.0,2.0,Carnivore,Omnivore,Insessorial,7.55,30.92,17.44,-73.02,575526.35
79,12.377127211593997,1.8250582107916677,0.561366408643994,0.01034278747698629,0.8977513214327784,5.293655225576951,1.4652449755341468,0.0706787109375,0.04462605134121348,0.15488864605410432,-4.6,0.0489798572625802,0.9849375314025195,0.11902052909135818,0.05402224308345467,0.048685482831206175,0.5861383855342865,0.10913645550608635,0.08299691043794155,0.0,0.0,102.29062744223259,40.76154875017939,0.34337337911128996,0.30103452801704406,0.2501692444086075,0.07359537631273269,0.01907042767852545,0.007727775583043694,0.0030323400162160395,0.0019969257176853717,51.7644144190005,34.7720290961777,0.0495963154360652,0.11730738282203675,0.14939955919981002,0.1678843155503273,0.14528175741434096,0.13471729755401612,0.1004563581198454,0.13535701632499694,135.34615735279965,64.75232330892236,10371.2,584.0829093933105,0.40513698410356386,1.0927000051334692,0.7432535908988724,0.4969856046848074,Belted_Kingfisher,Megaceryle alcyon,3446.0,Megaceryle alcyon,Alcedinidae,Coraciiformes,AVIBASE-3558066B,6.0,3.0,3.0,0.0,4.0,58.6,44.8,9.5,13.4,12.5,158.8,53.2,105.0,33.6,94.3,148.0,Dunning,,NO,,,Riverine,3.0,2.0,Carnivore,Aquatic predator,Insessorial,26.81,68.33,50.37,-106.94,13996585.38
80,14.802574431671696,1.9357563409438068,0.5715875633240802,0.01991069530978206,0.8564017666972596,5.0868818266820295,1.4877022670680478,0.068206787109375,0.13082293345302412,0.06807276989664558,-8.6,0.04235396669792735,0.9858906036466755,0.4199698567390442,0.22983988374471664,0.13546322658658028,0.1794898409047164,0.023971738561522217,0.011265452147927135,0.0,0.0,54.27561521439152,35.17594729273642,0.31531558856368064,0.17567271441221238,0.135365017876029,0.09359155111014843,0.13500371053814889,0.0958182952075731,0.02921093115583062,0.020022197067737578,81.77635547199233,52.94913434585618,0.09822413101792335,0.17698386013507844,0.1627909228205681,0.15523260235786437,0.09841625839471817,0.2005531258881092,0.06603159010410309,0.04176751375198364,113.28302888813637,60.55502067030284,12523.2,577.3633138179779,0.4708347286712157,1.0542857512361645,0.811225463159051,0.5484897631052474,Green_Kingfisher,Chloroceryle americana,3450.0,Chloroceryle americana,Alcedinidae,Coraciiformes,AVIBASE-ED7D6741,28.0,9.0,19.0,0.0,12.0,42.0,34.2,6.2,8.7,7.8,76.8,19.7,57.3,25.6,57.8,33.73,Dunning,,NO,,,Riverine,3.0,1.0,Carnivore,Aquatic predator,Insessorial,-36.5,32.45,-5.49,-64.46,16946715.06
81,16.16648778498999,2.1574493911448176,0.546427282321414,0.013388613311737005,0.8847690764678614,5.359547095234663,1.5441830707592998,0.0930389404296875,0.06424468476943032,0.013281943289123166,-12.8,0.012976547482221903,0.9988487565200581,0.42951790019869807,0.09676806065544952,0.14375381633872167,0.2013351559638977,0.09003607598133385,0.03858898165635764,0.0,0.0,64.97670561733362,43.61116544665188,0.3638440728187561,0.3611654698848724,0.18808909356594086,0.05243365969508886,0.02825679015368223,0.004915000102482736,0.001196085993433371,9.983028285205364e-05,48.946325987641316,30.845745069485666,0.11465808227658272,0.13090584874153138,0.14059957563877107,0.13736672699451447,0.11505855917930603,0.08804584294557571,0.13266369327902794,0.14070166870951653,128.09553985050698,72.82068789971635,13370.6,627.6691150665283,0.4354021297709482,0.8734731081587304,0.7963716097927309,0.536061446921679,Pied_Kingfisher,Ceryle rudis,3447.0,Ceryle rudis,Alcedinidae,Coraciiformes,AVIBASE-8205077F,6.0,3.0,3.0,0.0,4.0,64.2,50.6,9.1,11.6,11.0,136.2,47.5,90.0,34.5,75.7,84.37,Dunning,,NO,,,Wetland,3.0,1.0,Carnivore,Aquatic predator,Insessorial,-34.84,38.95,7.17,44.36,23875911.23
82,13.37055295310736,1.8927080727680916,0.5602844690171276,0.011700012601359694,0.8904272978084222,5.276005049685809,1.466762597854044,0.0718658447265625,0.010511770862783168,0.07607037815755935,-6.0,0.02670717589130233,0.9828971694545257,0.3943219125270844,0.30717397630214693,0.10233431607484818,0.1748386754654348,0.01030456713779131,0.011026554182171822,0.0,0.0,48.519743439094476,34.37385822363136,0.30923152565956114,0.15037409141659736,0.12000147998332977,0.10248804613947868,0.06826456263661385,0.07622617688030005,0.06888849325478077,0.10452562719583511,95.47458438533017,68.09896863465723,0.06331277489662171,0.1621730789542198,0.1556872233748436,0.1513458788394928,0.1363585628569126,0.131531585380435,0.12268181294202804,0.07690907716751098,124.61901817557619,62.54837706396046,12539.3,623.518652009964,0.4048632859294797,1.0295579570901707,0.7455532478670946,0.5672100401747608,Ringed_Kingfisher,Megaceryle torquata,3445.0,Megaceryle torquata,Alcedinidae,Coraciiformes,AVIBASE-5EFB075F,22.0,12.0,9.0,1.0,4.0,83.6,65.2,14.9,21.1,14.3,191.3,46.5,143.0,24.5,120.2,317.0,Dunning,,NO,,,Riverine,3.0,1.0,Carnivore,Aquatic predator,Insessorial,-55.98,27.12,-12.31,-61.64,16295521.19
83,8.775967336641838,1.4376869435594268,0.6225714720505197,0.015628819641644698,0.9442278946216724,5.0184656272467585,1.4598359920828567,0.0620361328125,0.1429542000792968,0.23704988093032373,-13.0,0.06641821351787738,0.988105606320356,0.5800412379205226,0.052362621389329435,0.0752475027111359,0.1582446293439716,0.0393406243994832,0.09476338177919388,0.0,0.0,55.0708568237942,42.261769210506046,0.11337292362004518,0.1289154678583145,0.17547343596816062,0.2063732236623764,0.13636104315519332,0.10477622523903847,0.05524041242897511,0.07948727356269955,114.12705060492877,57.452642814014915,0.08281459361314773,0.1945803850889206,0.1328434392809868,0.12297854572534561,0.10631597489118576,0.09967911168932915,0.08674944341182708,0.17403850257396697,128.7405717051421,76.21268766742831,10502.0,564.1369076967239,0.42308355623343274,1.0696834735146743,0.7542625941500105,0.49891975792544685,White_breasted_Kingfisher,Halcyon smyrnensis,3458.0,Halcyon smyrnensis,Alcedinidae,Coraciiformes,AVIBASE-B30B6781,10.0,2.0,7.0,1.0,10.0,59.8,48.4,13.7,14.3,15.0,113.2,24.5,88.7,21.7,78.3,91.4,Dunning,,NO,,,Human Modified,2.0,2.0,Carnivore,Omnivore,Insessorial,-7.55,38.88,21.21,83.74,6823580.46
84,9.912109869132756,1.5816704350602389,0.5781977974716057,0.009122346154787856,0.9159812057815488,5.2346032943301015,1.5379996814745653,0.1175048828125,0.03388390932545942,-0.059969378933088735,-12.0,0.007853349165601117,0.9138422279135294,0.10584697499871254,0.06491923404391856,0.058318887883797285,0.6947660565376281,0.06638858383521437,0.009760263841599226,0.0,0.0,98.68801169773641,33.762657443948534,0.664537101984024,0.20040279626846313,0.08903301544487477,0.02188406065106392,0.015509820356965066,0.004576196381822229,0.0019867222945322283,0.0020702830341178926,31.580318631062642,29.536715730641856,0.02955664861947298,0.09122775271534919,0.13705569505691528,0.16078525483608247,0.16091731190681458,0.1388156905770302,0.12556736320257186,0.15607427954673767,145.25617304921025,64.42461828331537,14427.4,642.5681906938553,0.4320962373445635,0.9822035756190131,0.7828174969074182,0.573215199622318,Red_legged_Kittiwake,Rissa brevirostris,2594.0,Rissa brevirostris,Laridae,Charadriiformes,AVIBASE-58B576ED,5.0,2.0,3.0,0.0,4.0,38.2,13.8,5.2,10.8,30.0,299.8,185.2,112.8,62.2,112.8,377.0,Dunning,,NO,,,Marine,3.0,2.0,Carnivore,Aquatic predator,Aerial,51.77,61.8,55.95,-43.45,192125.06
85,8.145994006852105,1.5779264001645075,0.5568079061575457,0.009472240368147016,0.9272990553972333,5.232284934007668,1.4814827647521143,0.0731964111328125,-0.03204471954195962,0.23159794943850726,-3.4,0.11268321977998533,0.9850520718375524,0.8179192304611206,0.004373133589979261,0.003193825192283839,0.12402353733778,0.031639784947037695,0.01885047946125269,0.0,0.0,33.715398978873864,34.7794978292423,0.3375919580459595,0.19284000098705292,0.17692368924617768,0.14573896639049053,0.09513522088527679,0.033179540955461564,0.011478560381510761,0.00711205773986876,67.00849019261706,43.97693915659142,0.0274628859013319,0.11226734071969986,0.1887267142534256,0.18738918602466584,0.15688980668783187,0.1239647775888443,0.13249918967485427,0.07080009775236248,130.52617789981883,58.63689478213807,11833.4,596.618147778511,0.41586945449083734,0.9334989629531891,0.7685842822194944,0.527813347633274,Horned_Lark,Eremophila alpestris,7331.0,Eremophila alpestris,Alaudidae,Passeriformes,AVIBASE-FC0A1D95,14.0,6.0,8.0,0.0,4.0,13.9,9.2,4.2,5.0,23.5,108.1,41.7,66.2,38.6,71.4,33.33,Dunning,,NO,,,Grassland,3.0,3.0,Omnivore,Omnivore,Terrestrial,4.06,77.73,53.86,4.61,35118904.89
86,17.918048851607086,2.0972276466992748,0.560051875084798,0.01947522658458334,0.8676991510789265,5.121080843526231,1.437024704131471,0.0656707763671875,0.19279677804941936,0.1709340118654868,-13.0,0.11214874947973355,0.9901346965169745,0.2753154322504997,0.07462805015966296,0.0694023247808218,0.40924042761325835,0.11435229666531085,0.05706148194149137,0.0,0.0,83.0410808529067,43.73850815624185,0.5423168778419495,0.24817797988653184,0.11632731177087408,0.05664109420031309,0.024448303086683155,0.008610473538283259,0.0028122022515162824,0.0006657672551227733,39.84282375789013,28.225635239140672,0.16654166728258132,0.23124423921108245,0.18709848076105118,0.1089145615696907,0.08318408206105232,0.0671215906739235,0.07128072455525399,0.08461465500295162,99.5729457780338,67.58845988155788,15744.8,634.1612919569016,0.4904683471042734,0.8927896660516172,0.8192590528883317,0.5657701185686299,Pacific_Loon,Gavia pacifica,1968.0,Gavia pacifica,Gaviidae,Gaviiformes,AVIBASE-B7D7EF23,5.0,1.0,2.0,2.0,4.0,71.9,41.1,8.3,12.9,72.8,291.2,139.0,151.5,47.9,48.4,2251.1,Dunning,,NO,,,Wetland,3.0,3.0,Carnivore,Aquatic predator,Aquatic,51.22,74.56,65.34,-99.42,5397186.87
87,18.026499162107424,2.5009654742144396,0.4694407026308105,0.017860612801393082,0.8287824855348094,4.913080022712631,1.321487765833219,0.0894073486328125,0.06780218408828137,0.16187484270437197,-8.2,0.1378550535553249,0.9428987581162727,0.5513285279273987,0.057838883623480795,0.02664022333920002,0.3009230636060238,0.04853051085956395,0.014738791971467435,0.0,0.0,55.83959645405101,28.921473538831833,0.17450927682220935,0.28285030499100683,0.18562927544116975,0.12175124734640122,0.12524763792753218,0.05708032958209515,0.03131195120513439,0.021619971469044687,84.2655285862361,47.34774556854008,0.03489332515746355,0.10183436274528504,0.12687346935272217,0.11594257056713105,0.28088481575250623,0.14487170577049255,0.12549229711294174,0.06920745745301246,138.0955956282939,51.41432887508735,12879.6,564.1348873138428,0.4023257245341476,1.187693560182694,0.7655357701036699,0.49898550032326644,Mallard,Anas platyrhynchos,525.0,Anas platyrhynchos,Anatidae,Anseriformes,AVIBASE-85625D75,12.0,6.0,6.0,0.0,4.0,58.5,41.0,20.8,17.8,40.6,263.4,133.5,129.9,50.7,86.9,843.42,Dunning,,NO,,,Wetland,3.0,2.0,Herbivore,Herbivore aquatic,Aquatic,20.46,72.37,51.63,11.04,39707247.47
88,17.667453810769224,2.4021956381091267,0.4983699423266074,0.00965657029108923,0.820712805951454,5.500578748127913,1.554821046875105,0.068463134765625,0.03580543901553666,0.024253728573447247,-1.6,0.010839047925421874,0.9936607149564288,0.8139200448989868,0.02726175179705024,0.00470652193762362,0.0927845525322482,0.018045917665585876,0.04328120570862666,0.0,0.0,34.70798078637571,36.10667526393386,0.19474959149956703,0.2223226770758629,0.16984749138355254,0.13949820250272751,0.12186448723077774,0.07911579757928848,0.026349211018532513,0.04625254273414612,90.52816275833847,52.169280144265166,0.05596793182194233,0.08884561154991388,0.13639873415231704,0.1770072489976883,0.16865150928497313,0.1325105056166649,0.14528660476207733,0.0953318601474166,136.37600965094032,57.67202027449417,10326.1,557.94422352314,0.4304265926161078,1.1037151952832513,0.7650757560543936,0.5498322871759562,Western_Meadowlark,Sturnella neglecta,10450.0,Sturnella neglecta,Icteridae,Passeriformes,AVIBASE-4A5B4883,5.0,2.0,3.0,0.0,4.0,33.8,22.0,6.1,7.5,35.0,117.0,32.5,84.5,27.8,71.6,100.06,Dunning,,NO,,,Grassland,3.0,2.0,Omnivore,Invertivore,Terrestrial,21.43,56.55,42.66,-107.09,6719237.68
89,10.71024629308738,1.607280180932485,0.5878778319007099,0.01577315725882575,0.9193691946561401,5.123041570661849,1.4912424322919962,0.0638763427734375,0.23223488670825293,0.08082544682170945,-8.4,0.11061513169963895,0.9864501089559834,0.4646581679582596,0.22875024527311325,0.0607031992636621,0.17753791343420744,0.04718537721782923,0.021165102533996106,0.0,0.0,51.620038359656405,36.936712298865004,0.37822225689888,0.2676800400018692,0.1862544983625412,0.09195095859467983,0.04160762820392847,0.017840689048171043,0.007318732270505279,0.009125204104930163,55.31331297491168,43.96898235542282,0.14705879297107458,0.16321865916252137,0.16859700679779052,0.14500939846038818,0.10021164044737815,0.0987505167722702,0.07660526223480701,0.10054872557520866,111.60775421429518,69.9738646435554,12544.8,546.2339638233185,0.5318936605539369,0.9177602675035935,0.8414871878315038,0.5925168901725673,Hooded_Merganser,Lophodytes cucullatus,435.0,Lophodytes cucullatus,Anatidae,Anseriformes,AVIBASE-60E6081E,5.0,2.0,3.0,0.0,4.0,39.6,27.6,8.3,9.3,29.2,186.6,95.0,91.5,50.9,85.6,613.77,Dunning,,NO,,,Wetland,3.0,3.0,Carnivore,Aquatic predator,Aquatic,29.76,56.35,44.5,-91.96,5510396.5
90,15.429426342638076,2.082161679761622,0.5267120996111612,0.009512121650893829,0.8916983235080618,5.429106356501213,1.4914073199604365,0.0715850830078125,0.03064898447829754,0.08483038998083171,-7.4,0.08418851079471351,0.9601849054584394,0.5161836832761765,0.03924237750470638,0.11810593775007874,0.26416518092155455,0.02996050561196171,0.03234231541864574,0.0,0.0,56.15067810253394,45.6214712877183,0.2696649253368378,0.2737515151500702,0.21462590098381043,0.13031599372625352,0.0670289471745491,0.030249222368001937,0.008519011549651623,0.00584448182489723,66.29283819286455,45.021332132684904,0.08140047006309033,0.14992651641368865,0.1454211801290512,0.14652104824781417,0.1313407838344574,0.12085910141468048,0.09724673926830292,0.12728415429592133,127.81514991807762,67.90765932095772,11406.3,575.319661784172,0.433074820073458,0.9510441780632721,0.7706467391550421,0.5462810872220868,Red_breasted_Merganser,Mergus serrator,438.0,Mergus serrator,Anatidae,Anseriformes,AVIBASE-8DB64266,9.0,4.0,5.0,0.0,4.0,65.0,42.8,8.2,10.6,45.5,233.6,114.8,118.0,49.3,76.2,1015.17,Dunning,,NO,,,Wetland,3.0,3.0,Carnivore,Aquatic predator,Aquatic,42.01,75.22,60.86,26.86,23632905.44
91,12.839511447224561,1.8544592892285405,0.5577860955572603,0.010600266217304647,0.8811321951158518,5.332630008452005,1.565762333808843,0.1169647216796875,0.1530640085696687,0.11194470810683907,-3.8,0.15231551994458536,0.9953972332785019,0.5159052342176438,0.19459015503525734,0.026527380850166083,0.1644101718906313,0.05493884391034953,0.04362820844035013,0.0,0.0,52.23350088209488,38.69439439780741,0.27105059698224065,0.2878724247217178,0.24555449038743973,0.10926438374444843,0.051682016369886695,0.015990898385643958,0.007076428271830082,0.011508770380169153,63.99130170625041,40.39503308078694,0.046504564583301544,0.11844581812620163,0.13989924341440202,0.1748994767665863,0.17540132254362106,0.14040031433105468,0.1009674534201622,0.10348181277513505,132.99891329844107,62.275138039650145,16686.6,667.9818114995957,0.48111966582426097,1.0270632262295107,0.8074996550869311,0.5538208233462014,Mockingbird,Mimus polyglottos,8828.0,Mimus polyglottos,Mimidae,Passeriformes,AVIBASE-7EFF698D,12.0,5.0,7.0,0.0,4.0,22.1,12.2,4.6,5.3,32.2,112.3,23.1,90.5,20.6,117.6,48.5,Dunning,,NO,,,Shrubland,2.0,3.0,Omnivore,Omnivore,Generalist,16.21,50.99,37.86,-98.85,10145517.51
92,14.804783919287939,2.2179138713362874,0.5133366598500796,0.01654089773385823,0.8831257118481831,5.328301925746074,1.566562148158197,0.091485595703125,0.19652229160756476,0.29117401101798385,-15.6,-0.005280060484886065,0.9933558854540283,0.4571911978535354,0.09223380833864211,0.017409610003232955,0.20541558116674424,0.15384864751249552,0.07390115596354008,0.0,0.0,68.06976216733051,44.816321554573086,0.4133718013763428,0.3276024550199509,0.11108977273106575,0.07633629441261292,0.0547774531878531,0.009647453995421528,0.0042359385290183125,0.0029388165567070246,50.58459845284828,33.960180967732775,0.0648483713157475,0.19420929700136186,0.17182194888591767,0.12549695521593093,0.11308178454637527,0.12577881217002868,0.11871574018150569,0.0860470861196518,121.5660591017288,65.4931921666662,14522.1,631.9608756065369,0.44698998143531304,0.9379304514121252,0.7927185768032118,0.5818449024573343,Nighthawk,Chordeiles minor,1005.0,Chordeiles minor,Caprimulgidae,Caprimulgiformes,AVIBASE-24E39ACD,10.0,4.0,2.0,4.0,4.0,12.7,6.1,3.3,2.7,16.7,192.8,118.7,76.6,60.7,104.0,79.3,Dunning,,NO,,,Grassland,3.0,3.0,Carnivore,Invertivore,Aerial,7.21,65.4,45.23,-100.42,13037233.58
93,7.778420256616926,1.3739490054589838,0.6045220202628547,0.013625318759906874,0.9414257838435646,5.038753244617702,1.50329704294072,0.0902313232421875,0.26301140938585915,0.11467423791333471,-16.0,0.1218610875099908,0.9113085373833186,0.43139928877353667,0.03853849684819579,0.016805112035945056,0.3120080232620239,0.11356619708240032,0.08768288118299097,0.0,0.0,75.08200443030168,51.153099686933324,0.558101350069046,0.2060690626502037,0.1504607878625393,0.04427695609629154,0.025495195295661688,0.008474328798183706,0.00488097027191543,0.002241348591633141,40.16967717849714,34.95281776142005,0.1256577342748642,0.1174220472574234,0.13627822697162628,0.15416806191205978,0.14860469102859497,0.15067553371191025,0.10962556451559066,0.0575681434944272,120.26691464160498,65.08041460021097,13730.6,614.6985509634018,0.44386408905341296,1.0411909935109753,0.7777751181837017,0.5179648738408,Clark_Nutcracker,Nucifraga columbiana,6961.0,Nucifraga columbiana,Corvidae,Passeriformes,AVIBASE-D1FC2D6B,12.0,2.0,10.0,0.0,4.0,44.3,35.4,11.6,12.3,36.7,191.0,61.6,129.3,32.2,112.0,129.81,Dunning,,NO,,,Forest,1.0,2.0,Omnivore,Omnivore,Insessorial,24.81,54.26,43.24,-114.14,2287629.4
94,14.730284194337258,2.0154385434306508,0.5426620531889942,0.009358795080791453,0.8908807686781556,5.415126878622017,1.5976415663749484,0.0908843994140625,0.13094118553680767,0.15405252620788268,-10.2,0.02435668289047028,0.9629513696441963,0.4103348940610886,0.05923299745190889,0.023397712782025338,0.4743386089801788,0.02476553022861481,0.007930256798863411,0.0,0.0,67.55548824978563,43.633017621611266,0.47079606652259826,0.1986864537000656,0.14391512125730516,0.11646765433251857,0.03842847980558872,0.016819478757679463,0.010637856833636761,0.004248900967650115,51.659529073012415,43.369469594335165,0.04952760469168425,0.10538234412670136,0.09823775291442871,0.10624427497386932,0.15202889144420623,0.17659981399774552,0.18696894347667695,0.12501037418842315,147.40015678683054,65.13268452089565,10143.8,539.5358970880509,0.4585110114693395,1.0472552799253303,0.768137080215312,0.5033197127030604,White_breasted_Nuthatch,Sitta carolinensis,8556.0,Sitta carolinensis,Sittidae,Passeriformes,AVIBASE-19CCBBD2,5.0,2.0,3.0,0.0,4.0,19.1,12.2,4.0,4.2,18.5,88.6,27.6,60.9,31.2,48.8,21.0,Dunning,,NO,,,Forest,1.0,1.0,Omnivore,Omnivore,Insessorial,17.49,58.92,43.04,-102.26,8811748.35
95,10.805769908956746,1.5808771479275479,0.6132924141041853,0.01585328221992828,0.900797408634897,5.031420572084086,1.4413264601755067,0.055267333984375,0.16595288147909903,0.0870855397528442,-14.4,0.11971291705105207,0.9853226845212628,0.57656888961792,0.15430621188133956,0.04068701509386301,0.16665237428387628,0.05034372443333268,0.011441788915544749,0.0,0.0,50.09135294522937,36.241613592888356,0.16542825549840928,0.14776376821100712,0.1077363446354866,0.10825289040803909,0.08227100670337677,0.09795520231127738,0.11636939756572247,0.17422313541173934,127.26642583524654,72.97488842683644,0.03308422714471817,0.14076161086559297,0.16283178180456162,0.21975535452365874,0.13803314566612243,0.11408990174531937,0.0723049908876419,0.11913898875936865,128.81283801522855,63.33318314552912,10781.7,583.9442231178284,0.42669620631484956,1.0041745298327842,0.7808314609695187,0.5457609762357353,Baltimore_Oriole,Icterus galbula,10491.0,Icterus galbula,Icteridae,Passeriformes,AVIBASE-5110842F,23.0,10.0,12.0,1.0,10.0,21.1,13.3,5.0,6.4,23.4,92.1,25.5,67.4,27.4,73.3,32.83,Dunning,,NO,,,Forest,1.0,3.0,Omnivore,Invertivore,Insessorial,30.82,58.5,43.69,-91.8,4604558.64
96,11.112145670565933,1.6510820563340776,0.5994403237601386,0.019199834955483466,0.9081726840361274,5.115816690013945,1.5673487531932815,0.112066650390625,0.2065372382307556,0.19348060269228445,-1.0,0.05426224258485113,0.9832009077123832,0.7237024903297424,0.19448708966374398,0.0018291333748493344,0.04449955001473427,0.021955754794180393,0.013525977451354265,0.0,0.0,31.76600903003589,27.123273340549712,0.127877439558506,0.1318819612264633,0.10881133228540421,0.1101315401494503,0.0772072821855545,0.0753251388669014,0.13819375187158583,0.23057155609130858,139.58779864323157,81.23964388622592,0.08374462947249413,0.1307981342077255,0.11694856062531471,0.09038830250501632,0.15515394359827042,0.13068047761917115,0.12058549672365189,0.17170045226812364,139.8623186609695,73.42122012900188,15163.8,682.5945970058441,0.40736522899935307,1.0563040791711047,0.766663955133831,0.5423263461374198,Hooded_Oriole,Icterus cucullatus,10503.0,Icterus cucullatus,Icteridae,Passeriformes,AVIBASE-526A3692,5.0,2.0,3.0,0.0,4.0,21.2,13.9,4.3,5.2,21.6,83.4,16.4,65.7,20.0,91.4,24.3,Dunning,,NO,,,Woodland,2.0,2.0,Omnivore,Omnivore,Insessorial,17.16,41.32,29.84,-107.92,1181319.94
97,10.139107617935153,1.674051419523155,0.5731681511932816,0.014629574710547277,0.8945256788288226,5.16041971963047,1.5244094227819558,0.092303466796875,0.09697463711016993,0.11575698236081897,-12.2,0.05555019884031307,0.9869021623622398,0.6330163061618805,0.11297103017568588,0.018388139456510542,0.1778485565679148,0.02828682289691642,0.02948915767483413,0.0,0.0,43.81986299073901,39.712424893950086,0.11505008824169635,0.23193402588367462,0.1209696188569069,0.13890559002757072,0.14121734127402305,0.12484459280967712,0.08051423765718937,0.046564507950097325,108.17322625769286,60.3539077051455,0.09300254881381989,0.1332410082221031,0.11958513408899307,0.11686583161354065,0.15396254807710646,0.2013841837644577,0.09958723038434983,0.08237151317298412,128.3548461964012,65.92687248043264,15601.4,666.6112503767014,0.4513433295616255,1.1149454018245044,0.7970686167605384,0.5911105667737345,Orchard_Oriole,Icterus spurius,10505.0,Icterus spurius,Icteridae,Passeriformes,AVIBASE-E2014696,16.0,7.0,9.0,0.0,4.0,17.2,11.6,4.4,5.3,21.5,77.0,20.9,56.6,26.9,67.0,19.44,Dunning,,NO,,,Forest,2.0,3.0,Carnivore,Invertivore,Insessorial,19.0,50.57,36.74,-92.53,4790205.22
98,10.377589483313628,1.6581975226531207,0.5817414454613304,0.013811065862837552,0.9191600207958585,5.153000752027368,1.4679461894277848,0.06536865234375,0.12679632806334942,0.03715697918626933,-13.2,0.052963758153346065,0.975246618356665,0.48379950523376464,0.13575936779379844,0.07747162627056241,0.2580147254746407,0.03288996818009764,0.012064810330048203,0.0,0.0,58.315971390285156,37.9302930552049,0.30030511021614076,0.22853022515773774,0.12178007960319519,0.1028638869524002,0.05716470554471016,0.04160325229167938,0.06995356241241098,0.0777991740964353,85.28519314946382,65.2228488579146,0.08966616168618202,0.22680213153362275,0.18140873312950134,0.11348873823881149,0.09767459556460381,0.10209875851869583,0.11084633618593216,0.07801454085856677,113.11471955843885,66.40454243464781,12499.4,594.0427076339722,0.44992754144207064,1.0926702093944414,0.7931462835882737,0.5709834298660412,Scott_Oriole,Icterus parisorum,10484.0,Icterus parisorum,Icteridae,Passeriformes,AVIBASE-9EE6D524,5.0,2.0,3.0,0.0,4.0,24.0,15.8,5.3,6.3,22.7,98.9,24.0,73.7,24.5,87.2,36.48,Dunning,,NO,,,Shrubland,3.0,2.0,Carnivore,Invertivore,Insessorial,17.23,41.17,29.85,-106.89,1741688.63
99,13.961907256680817,2.122724479604583,0.49983456964159706,0.007652520026363916,0.8718659504525581,5.506314502260574,1.5726873097509408,0.0993743896484375,0.12269141531835448,0.08370708739362157,-11.6,0.1324178114531176,0.9833816154136226,0.8064202815294266,0.15809968491084875,0.0011007348512066528,0.02879850149038248,0.00224102521315217,0.0033397642691852525,0.0,0.0,24.96758652076806,14.094623722813305,0.20472794771194458,0.18819396793842316,0.21745794713497163,0.1460068255662918,0.11820720955729484,0.05752520877867937,0.027747018658556045,0.040133867785334586,88.3515165183834,54.54489384597865,0.02967685218900442,0.0871838890016079,0.14371732473373414,0.17240219861268996,0.14239720702171327,0.1492709830403328,0.15885703265666962,0.11649451777338982,142.97527173189692,58.970969081936936,12727.2,585.2544823884964,0.46946412532746773,0.9917329813370909,0.8118161572356601,0.5891854535613723,Ovenbird,Seiurus aurocapilla,10562.0,Seiurus aurocapilla,Parulidae,Passeriformes,AVIBASE-CEA5B6AA,21.0,5.0,8.0,8.0,4.0,15.1,8.9,3.6,4.1,22.3,73.2,18.3,55.1,24.9,50.4,18.8,Dunning,,NO,,,Forest,1.0,3.0,Carnivore,Invertivore,Terrestrial,33.47,61.09,47.01,-92.45,5222797.22
100,15.855088194311653,2.21735925046291,0.5066310840027819,0.010003291242811092,0.8363906559226575,5.434170959260104,1.600268313727663,0.1252410888671875,0.29993640021677137,0.04417998915152529,-3.4,0.1316464114056724,0.9916165958515573,0.5145962953567504,0.13084133804077283,0.1149213102820795,0.17399037033319473,0.02786872895958368,0.03778196276689414,0.0,0.0,50.54159386698019,42.3601815702498,0.4487471044063568,0.272163113951683,0.18076619505882263,0.058146040746942164,0.028689890960231425,0.00836919159628451,0.0021710302215069534,0.000947438576258719,45.979799124709345,29.792087885641486,0.07975035458803177,0.11236634477972984,0.10409916043281556,0.11296980008482933,0.16238218694925308,0.2134060814976692,0.13607209473848342,0.07895397208631039,135.55148150033443,61.18503834387822,16943.1,817.0841617822647,0.35092115536221236,1.1049979525190743,0.7534587914398193,0.5602338890252285,Brown_Pelican,Pelecanus occidentalis,2269.0,Pelecanus occidentalis,Pelecanidae,Pelecaniformes,AVIBASE-F59AB6B3,5.0,2.0,0.0,3.0,4.0,319.5,285.0,38.8,43.4,71.7,494.6,241.0,259.5,48.1,128.2,3427.84,Dunning,,NO,,,Marine,3.0,1.0,Carnivore,Aquatic predator,Aerial,-3.22,39.59,17.7,-83.58,1823742.36
101,17.16799227550232,2.316005307980275,0.4970561334716139,0.011136627479300618,0.8338347977000566,5.140416729301963,1.4721841149667139,0.0809783935546875,0.12721048214284666,-0.04923046414940202,-9.0,0.08610749163616169,0.9022033055384459,0.3829505413770676,0.22367936372756958,0.06878353948704899,0.31016159425489603,0.011313192918896675,0.003111770236864686,0.0,0.0,57.4297347171796,21.12981873698839,0.44608155405148864,0.15280569791793824,0.15526503138244152,0.11105606812052429,0.07676821136847138,0.03200970273464918,0.0160013135522604,0.010012429300695657,60.25313539521123,41.9584575644448,0.009463195502758027,0.07311614602804184,0.06686241328716278,0.06073861289769411,0.12472016140818595,0.2052070438861847,0.22600448429584502,0.23388794660568238,173.1192191766583,52.52984200423223,8901.4,439.7084807872772,0.4349171861984765,1.0925747195266984,0.7969244634482322,0.5018799365220843,White_Pelican,Pelecanus onocrotalus,2268.0,Pelecanus onocrotalus,Pelecanidae,Pelecaniformes,AVIBASE-8BAFB01E,5.0,2.0,3.0,0.0,4.0,359.0,341.8,54.4,49.1,128.5,646.4,266.8,366.8,42.1,160.8,9322.31,Dunning,,NO,,,Wetland,3.0,2.0,Carnivore,Aquatic predator,Aquatic,-34.84,54.73,27.38,40.85,810182.64
102,5.948780322456178,1.2338222373820473,0.6303945464172143,0.015275171470601995,0.9491091184618122,4.922570173864966,1.4111320032312051,0.06026611328125,0.11980833527095407,0.08914727956089277,0.0,0.030916390762187173,0.8804784463440493,0.5808763086795807,0.1744242198765278,0.033761240910098425,0.1197074631229043,0.0807419370743446,0.010488818402518519,0.0,0.0,45.823717917151555,31.21550297129312,0.24019556073471904,0.2303137019276619,0.20788924843072892,0.1409101091325283,0.1010918989777565,0.03977689761668444,0.016975999844726176,0.022846590355038644,77.28365060083114,45.34874439388282,0.07992922142148018,0.20650622397661209,0.20574730932712554,0.14068430960178374,0.09385261982679367,0.11828040480613708,0.09269417747855187,0.06230573188513518,111.85929386457526,62.437196975651815,13247.5,644.4157094240188,0.4018546326962191,1.1453614574145026,0.7347061320717285,0.5086048974366527,Western_Wood_Pewee,Contopus sordidulus,5893.0,Contopus sordidulus,Tyrannidae,Passeriformes,AVIBASE-F6CA75F0,14.0,5.0,5.0,4.0,4.0,16.4,9.2,6.4,4.1,13.8,82.6,29.0,57.7,33.5,60.2,13.1,Dunning,,NO,,,Forest,1.0,3.0,Carnivore,Invertivore,Insessorial,7.31,67.81,45.91,-116.12,6939803.44
103,7.496064713217469,1.448536982236435,0.5875464394790724,0.013994452931933377,0.9206236870860538,5.1008895150564335,1.56863337835674,0.1075531005859375,0.2839134172812454,0.16330624300503452,-8.0,0.13194803336457742,0.9567657336175264,0.5975596215575933,0.2842052590101957,0.08065201486460864,0.0030718125344719738,0.011252442188560963,0.023258842253562763,0.0,0.0,33.8589239923955,20.55165095728993,0.14982641190290452,0.30483673214912416,0.1900668978691101,0.14951277151703835,0.11693371701985597,0.049264707649126646,0.02026537349447608,0.019293392566032706,82.50685411477761,43.44068189788753,0.015742920571938157,0.08661864846944808,0.13482936918735505,0.18722277879714966,0.15901839435100557,0.16760252863168718,0.14316481202840806,0.1058005452156067,143.55503538460255,56.96828544619005,13535.6,623.5858539819717,0.439482827620695,1.1060511665791566,0.7850464353828291,0.554080376180905,Sayornis,Sayornis saya,5872.0,Sayornis saya,Tyrannidae,Passeriformes,AVIBASE-28669A3D,5.0,2.0,3.0,0.0,4.0,19.5,11.3,5.4,4.2,20.2,104.4,26.8,77.7,25.6,79.8,20.9,Dunning,,NO,,,Forest,3.0,3.0,Carnivore,Invertivore,Insessorial,23.16,69.87,51.2,-122.26,7204273.9
104,10.958076786547945,1.8670951107033447,0.5224100955772879,0.009334311215611598,0.8918900903914881,5.3826666200473925,1.5113863161240908,0.0807373046875,0.1452707428525261,0.1466251303581677,-4.6,0.12043970831502504,0.9452395724555952,0.6128708444535732,0.08509686775505543,0.04363055815920234,0.23745819106698035,0.01551790228113532,0.005425645830109715,0.0,0.0,48.07193428273606,30.810872140999447,0.29439173489809034,0.25610465109348296,0.20710327625274658,0.1424838848412037,0.062360000889748336,0.022516741137951612,0.007470094203017652,0.007569609093479812,65.27366307198369,39.072497195997606,0.03833897039294243,0.13500791192054748,0.16013100147247314,0.21323491930961608,0.1776753008365631,0.10667969062924385,0.0823974747210741,0.0865347282961011,126.0638086866285,59.058231064627975,14272.4,609.5907302141189,0.47769344097361727,1.095979033517132,0.8047509928518096,0.5679994174222049,American_Pipit,Anthus rubescens,9961.0,Anthus rubescens,Motacillidae,Passeriformes,AVIBASE-8F268682,5.0,2.0,3.0,0.0,4.0,14.5,9.4,3.1,3.1,21.2,85.0,24.1,60.9,28.4,67.6,20.68,Dunning,,NO,,,Grassland,3.0,3.0,Carnivore,Invertivore,Terrestrial,31.22,76.17,61.56,13.05,12413847.38
105,18.938946763612364,2.6565044514073826,0.4436667712433081,0.009616982918367229,0.8253653789878674,5.640320234486173,1.5188137102292616,0.0820159912109375,0.29405825974073413,0.053121530130736824,-16.4,0.11956880533415493,0.9943850926262192,0.830629825592041,0.09253198932856321,0.00036562037421390415,0.019110589940100908,0.02250824000220746,0.034853729582391677,0.0,0.0,27.742195947253528,27.757981282630745,0.17899712920188904,0.26169987618923185,0.2519006937742233,0.159590382874012,0.08091935366392136,0.03032161258161068,0.02426539557054639,0.012305569276213646,77.99694349873305,46.12397719948106,0.09285096414387226,0.16633390933275222,0.16831006854772568,0.15749989748001098,0.13181874006986619,0.11308330968022347,0.1004269678145647,0.06967614740133285,116.98502363550104,59.3583484155626,15622.7,633.4951023340225,0.489312098623925,0.9334880666302474,0.8409834915527888,0.5843356224734659,Whip_poor_Will,Caprimulgus vociferus,,,,,,,,,,,,,,,,,,,,,,,,,,,,,,,,,,,,,
106,6.822277220764095,1.2620246410267675,0.6482294962294739,0.035008164960683444,0.9565931325546124,4.768249130931887,1.4743443475762015,0.0689544677734375,0.2972294396474004,0.28024975357427634,-12.0,0.14657378774985036,0.9490459670936261,0.5467387020587922,0.10254279971122741,0.10942100062966346,0.17795109394937753,0.034536606585606935,0.0288097986500361,0.0,0.0,48.72024304575874,40.58660538245056,0.5643796920776367,0.24761706739664077,0.07939069457352162,0.036814326979219915,0.028719823248684405,0.02267640260979533,0.01523575182654895,0.005166234975331463,40.02222707175996,42.54316948963156,0.22787321209907532,0.16616666167974473,0.13284508734941483,0.10928457975387573,0.07837928161025047,0.07080165818333625,0.10154259130358696,0.11310693249106407,106.10592264332982,74.92799465523346,13512.8,577.6662576913834,0.5082837602535794,0.9539723667042723,0.8389976833431746,0.6536311131260406,Horned_Puffin,Fratercula corniculata,2688.0,Fratercula corniculata,Alcidae,Charadriiformes,AVIBASE-24111FA5,6.0,3.0,3.0,0.0,4.0,51.0,16.8,7.3,31.6,32.1,185.5,96.8,88.4,52.3,63.3,536.14,Dunning,,NO,,,Marine,3.0,3.0,Carnivore,Aquatic predator,Aquatic,45.26,72.43,56.55,-4.48,1467964.71
107,9.75868589794458,1.5852851155462653,0.5837215174296905,0.017106681001805176,0.9079257910882348,4.977518287188399,1.4082667316821742,0.061480712890625,0.13031538776767526,0.07583675744290978,-4.4,0.1404884270453865,0.9368970646998485,0.3240172281395644,0.24770317673683168,0.08722455920651555,0.3345128213753924,0.0048008800717070695,0.0017413537396350875,0.0,0.0,62.17386544299258,28.095664011858695,0.36085839569568634,0.43662305176258087,0.09522475078701972,0.07167988806031644,0.020458181842695922,0.010374575713649392,0.0033718872349709273,0.0014092681696638465,46.60735034334916,29.99000239255575,0.17032509241253138,0.2532908976078033,0.13720670640468596,0.11441492736339569,0.11066045239567757,0.09168834686279297,0.07355718240141869,0.048856389615684746,97.39505597492996,59.88034751547461,13827.5,666.9765170812607,0.3942450420185854,1.0009853246585831,0.7317811255413018,0.4857107113576154,Common_Raven,Corvus corax,6979.0,Corvus corax,Corvidae,Passeriformes,AVIBASE-B9B272F4,46.0,15.0,31.0,0.0,10.0,77.0,49.2,21.9,27.9,67.1,419.7,167.2,252.7,39.8,228.7,927.97,Dunning,,NO,,,Forest,3.0,2.0,Omnivore,Omnivore,Terrestrial,12.76,83.11,54.65,18.59,52288449.5
108,12.17579383448142,1.7218129869372976,0.6198423741439532,0.06553446618247878,0.8874573911108019,4.1732203405618105,1.2658566344035682,0.053228759765625,0.26366786575600587,0.14661782203816273,-15.4,0.32332621694985586,0.9763845790802644,0.48457460999488833,0.13566610830021092,0.027116239070892334,0.3143922528019175,0.01078136726282537,0.02746943151578307,0.0,0.0,53.64684282946096,33.648818260122226,0.32417260110378265,0.3842565089464188,0.24404345052316784,0.03304525148123503,0.01082510855048895,0.002593845361843705,0.0007170527125708759,0.00034618284553289413,46.72977495198894,24.15998516768289,0.24035936146974562,0.15358065515756608,0.07753596697002649,0.1479276478290558,0.10922367982566357,0.06505721732974053,0.03337239380925894,0.17294307574629783,111.34785809750255,62.873330187380624,10319.0,556.6839199781418,0.3538650933249542,0.9179647234129817,0.686115737272651,0.39803852339353496,White_necked_Raven,Corvus albicollis,6978.0,Corvus albicollis,Corvidae,Passeriformes,AVIBASE-EA326EA2,15.0,4.0,11.0,0.0,4.0,65.9,42.4,19.6,34.0,75.2,417.1,164.6,250.6,39.6,165.6,893.99,Dunning,,NO,,,Rock,3.0,2.0,Omnivore,Omnivore,Terrestrial,-34.84,2.4,-17.3,30.73,1615598.28
109,9.241432413235133,1.4780021663816243,0.6196440499384448,0.02086888247533334,0.9317222048554136,4.886329447912474,1.4087458291901878,0.056671142578125,-0.03278279074220231,0.16841829838054073,-20.0,0.09598544794503992,0.9752322013298492,0.670288598537445,0.1695209128316492,0.040946169896051286,0.06835828982293606,0.03185389032587409,0.019032128527760504,0.0,0.0,36.033135547209774,35.48032777221688,0.15029345378279685,0.2476670727133751,0.2216507911682129,0.15770506039261817,0.10513648465275764,0.06604734435677528,0.024264988861978053,0.027234814409166575,87.40924213747613,51.06875671884599,0.19749889373779297,0.21639798879623412,0.13753322064876555,0.10144392177462577,0.08275655657052994,0.07065393254160882,0.10063501261174679,0.09308047443628312,103.91322680660005,72.56566313779595,12788.0,588.1279892206192,0.47141427618092824,0.9744878800314014,0.8048946976067718,0.5449714528022532,American_Redstart,Setophaga ruticilla,10602.0,Setophaga ruticilla,Parulidae,Passeriformes,AVIBASE-BED38F50,35.0,18.0,16.0,1.0,6.0,12.3,6.8,4.0,3.0,17.0,62.0,15.6,48.0,24.6,52.6,8.24,Dunning,,NO,,,Forest,1.0,3.0,Carnivore,Invertivore,Insessorial,30.05,65.02,47.72,-98.09,6675504.95
110,21.581173529287433,2.8611674910447786,0.4228203752892596,0.007983260686456908,0.8181556987943347,5.694439483218381,1.6083958846058621,0.109466552734375,0.11052301470941153,0.08523952950346456,-5.4,0.1386379759915594,0.9814393115203778,0.6234840482473374,0.11933952812105417,0.07001196094788611,0.17409140810195822,0.008512660022825002,0.0045603842474520205,0.0,0.0,42.15525013052487,28.336370726445175,0.3351146399974823,0.3236829936504364,0.2198565721511841,0.06937615624628961,0.027971931372303516,0.012051742861513049,0.005689101250027306,0.006256848189514131,53.543448091172934,32.66795417543378,0.08569603897631169,0.147963485121727,0.12450413554906845,0.13133727610111237,0.17856926918029786,0.1766927421092987,0.10433177426457405,0.05090528084547259,123.6618788439406,61.461865998180954,16345.0,620.8073828220367,0.5254558208717253,1.0727250149597427,0.8420354115546799,0.679165316828146,Geococcyx,Geococcyx californianus,1580.0,Geococcyx californianus,Cuculidae,Cuculiformes,AVIBASE-DB5DABCF,5.0,3.0,2.0,0.0,4.0,57.8,35.4,10.1,12.5,59.5,181.0,12.0,172.0,6.5,287.4,376.0,Dunning,,NO,,,Shrubland,2.0,1.0,Carnivore,Invertivore,Terrestrial,18.36,40.65,30.77,-104.36,3008009.53
111,8.201034670602414,1.3382645608919397,0.6490957751688305,0.021836988065418336,0.9323712470064406,4.870970519787976,1.5250303105014302,0.092315673828125,0.15984110849782993,0.18912014174543956,-16.0,0.14181560796904452,0.9745052563777982,0.4440273255109787,0.1523688131943345,0.03269467367790639,0.348543655872345,0.018442850233986972,0.003922692709602415,0.0,0.0,59.41420007060265,32.727072285252945,0.31156592033803465,0.30111522078514097,0.21283526346087456,0.05245907483622432,0.03449217132292688,0.04193097027018666,0.02356011886149645,0.02204125627176836,63.53116287789553,42.39778131143527,0.09852586081251502,0.118291674554348,0.1151871919631958,0.1733444020152092,0.15570529997348787,0.14550558850169182,0.08295220509171486,0.110487776203081,128.37616148827024,64.4213960824504,14100.2,653.2073826789856,0.4132800329314253,1.0706600115964195,0.7501412382458985,0.5213158852880874,Loggerhead_Shrike,Lanius ludovicianus,6902.0,Lanius ludovicianus,Laniidae,Passeriformes,AVIBASE-36171C2B,11.0,2.0,9.0,0.0,4.0,21.1,12.3,6.5,8.8,27.7,96.4,21.7,74.2,22.6,96.7,51.59,Dunning,,NO,,,Shrubland,3.0,3.0,Carnivore,Invertivore,Insessorial,16.1,55.52,38.03,-101.11,8852504.29
112,9.887711179121343,1.5949475011142802,0.5857924754608916,0.011731664397926616,0.9186846052089459,5.177961495394202,1.519202003959108,0.093231201171875,0.0941359523872067,0.09372064260974833,-13.8,0.01570919622518131,0.9761506666146339,0.5813794285058975,0.12802529013133607,0.018294485891237854,0.22030661329627038,0.029941874695941804,0.02205229855608195,0.0,0.0,49.21875537173122,26.550727678845266,0.19435103312134744,0.2971970498561859,0.22867879867553711,0.13411445245146753,0.07288522403687239,0.03373165524099022,0.01699430791195482,0.022047482762718573,75.15670702959531,42.54741832424344,0.06374202719889581,0.1550130218267441,0.14556815028190612,0.11642733365297317,0.1241870790719986,0.13739675134420395,0.13040111400187016,0.12726452201604843,133.35415278574388,67.26509669861407,13579.0,657.3917409420013,0.39846577640158853,1.198089577849089,0.7210238852317981,0.45654711325673025,Great_Grey_Shrike,Lanius excubitor,6906.0,Lanius excubitor,Laniidae,Passeriformes,AVIBASE-DB2501EE,37.0,8.0,29.0,0.0,16.0,23.2,13.9,6.9,9.3,29.4,109.2,28.7,80.4,26.3,106.2,63.41,Dunning,,NO,,,Shrubland,3.0,3.0,Carnivore,Vertivore,Insessorial,9.51,70.49,40.81,42.37,23487697.84
113,23.724314005841677,2.9859756842617147,0.4145949874794905,0.00564253656734647,0.7874196463178718,5.830733830760318,1.6296487024676558,0.1077972412109375,0.04986810172358051,0.1426301758506142,-11.4,0.06927993667028992,0.9800409668968371,0.5679950475692749,0.2981111004948616,0.03779480252414942,0.05482937088236213,0.020052144571673126,0.021217520674690606,0.0,0.0,36.40769774838635,26.776008656331687,0.30318712294101713,0.30479596555233,0.17036428600549697,0.12413617074489594,0.048334544897079466,0.020548627036623655,0.008445107864099554,0.020188176538795233,63.70488290047426,42.92858361248754,0.010310101544018836,0.09207884222269058,0.11743490397930145,0.1613028421998024,0.19680508971214294,0.1793817937374115,0.15126698464155197,0.09141944153234363,144.92443763898854,56.181762416598474,12184.7,571.2392582416535,0.47319956268587093,1.0883987646108237,0.8070140347981465,0.586906527055664,Baird_Sparrow,Ammodramus bairdii,,,,,,,,,,,,,,,,,,,,,,,,,,,,,,,,,,,,,
114,12.009287658440728,1.7824243536710498,0.5719935994930067,0.010137896499132475,0.9042202364200186,5.289279291720769,1.5564641833207178,0.0839569091796875,0.008633045046351182,0.1710413118950597,-7.2,0.009660103961190264,0.982733000493033,0.6982064723968506,0.10427360442263307,0.04812056761584245,0.0916862184254569,0.025017458316870033,0.03269567377865314,0.0,0.0,37.96946276757209,40.67852638045942,0.509714862704277,0.27630612850189207,0.12215911075472832,0.05861199237406254,0.02157227578572929,0.007879629744275007,0.0024657283909618856,0.001290265703573823,41.74056769931313,30.873883049349917,0.05218936037272215,0.1556567966938019,0.13105043917894363,0.1491288885474205,0.17104887068271638,0.15360300838947297,0.1152186006307602,0.07210403345525265,128.03670685613423,61.3832699634342,11798.0,580.6750007390976,0.4508933552249717,1.0727846736801443,0.7867701061282024,0.5688286794511567,Black_throated_Sparrow,Amphispiza bilineata,10303.0,Amphispiza bilineata,Passerellidae,Passeriformes,AVIBASE-A0F29F1E,6.0,2.0,4.0,0.0,6.0,11.7,8.2,4.6,5.9,18.1,63.5,11.3,52.2,17.7,64.8,13.5,Dunning,,NO,,,Shrubland,2.0,2.0,Omnivore,Omnivore,Generalist,20.19,47.06,32.43,-108.96,2450691.64
115,12.593570790991118,1.9100351626972163,0.5473940140226828,0.012381741776903049,0.8650047153872894,5.29854448081918,1.6050451278468607,0.20450439453125,0.15710115434394212,0.06813544473043928,-4.6,0.08665656011311317,0.9887479267276662,0.8290874600410462,0.06353036791551858,0.00134432609193027,0.08930382430553437,0.006373519264161587,0.01036049909889698,0.0,0.0,27.198551264601065,25.285210916672156,0.20765311182331062,0.2291433172300458,0.21182277351617812,0.19189423136413097,0.09771879073232412,0.028942155541153626,0.012707333971047775,0.02011828986578621,79.16287390421944,39.87036670873205,0.01180047243833542,0.08917476013302802,0.1157405585050583,0.15035592019557953,0.15260676592588424,0.22226715236902236,0.15302105396986007,0.10503331944346428,148.54784423408685,56.38033550599131,20878.8,637.2565037488937,0.5216477548828702,1.1370726879611746,0.823305491246251,0.6431893189151563,Brewer_Sparrow,Spizella breweri,10301.0,Spizella breweri,Passerellidae,Passeriformes,AVIBASE-29967541,6.0,2.0,4.0,0.0,5.0,12.3,6.7,3.6,4.4,16.8,62.8,12.9,50.1,20.5,57.3,10.9,Dunning,,NO,,,Shrubland,2.0,3.0,Omnivore,Omnivore,Generalist,33.57,63.27,45.74,-115.39,3238311.53
116,13.282358034187734,1.915904519712063,0.5533353437134505,0.00978563292451864,0.8561297676589887,5.325294611250911,1.5093382143122391,0.0718109130859375,0.013329512713090763,0.10701969460956288,-9.0,0.013597865730196862,0.9779279374023149,0.8369068622589111,0.13241841048002242,0.005711462325416505,0.021487816446460785,0.0018623193609528244,0.0016131318756379188,0.0,0.0,23.54999266966231,13.065455393052796,0.1866170696914196,0.2570567071437836,0.20789312273263932,0.1485038336366415,0.1059960151091218,0.04352289354428649,0.03052890582475811,0.019881463662022723,81.87356568920032,42.86354479484043,0.009299436100991442,0.0839223213493824,0.1447961673140526,0.21949169039726257,0.19888970851898194,0.16217851340770723,0.11466696560382843,0.06675519123673439,137.10905659693086,52.05016080315753,10410.6,551.015290927887,0.43705822741823364,1.0421592109621989,0.7599576671480867,0.5086589913908635,Chipping_Sparrow,Spizella passerina,10297.0,Spizella passerina,Passerellidae,Passeriformes,AVIBASE-37E9CCDA,5.0,2.0,3.0,0.0,4.0,13.1,7.0,4.0,4.9,16.3,68.0,16.3,51.0,24.2,56.0,12.2,Dunning,,NO,,,Forest,2.0,3.0,Omnivore,Omnivore,Generalist,12.94,66.24,47.04,-103.73,13081064.54
117,15.718767153443144,2.238856649077202,0.4930115636496712,0.007453202501109169,0.8504483309303463,5.528639853029168,1.559414429018574,0.08060302734375,0.06068515268292389,-0.012117402668828606,-8.2,-0.028879223768849695,0.9826856798151529,0.724543958902359,0.2083574116230011,0.00573580760974437,0.04208202378358692,0.008842290006577968,0.010438521730247886,0.0,0.0,28.43780612683268,18.21659691204024,0.14536311719566583,0.2511575371026993,0.20840060114860534,0.14286736845970155,0.11892858743667603,0.059929541870951654,0.03511719722300768,0.038236054591834545,90.91040140804289,53.88159519336855,0.029934616782702504,0.08074948191642761,0.14113865569233894,0.1784992218017578,0.17031683325767516,0.15580444037914276,0.15230291038751603,0.09125383794307709,140.75414843008403,56.989747466153986,10757.6,549.0132705211639,0.46252310396757057,1.0104266416928769,0.7895715692129162,0.5329357355859676,Clay_colored_Sparrow,Spizella pallida,10298.0,Spizella pallida,Passerellidae,Passeriformes,AVIBASE-486265CF,5.0,2.0,3.0,0.0,4.0,10.1,6.0,3.4,4.9,17.4,60.8,11.2,49.0,18.6,56.8,11.2,Dunning,,NO,,,Shrubland,2.0,3.0,Omnivore,Granivore,Generalist,42.16,62.65,51.68,-104.79,3219955.48
118,14.288169902690507,2.0989125561452866,0.5166185393065896,0.009618785968653962,0.8801169401953727,5.473716150224562,1.5773505225653575,0.116888427734375,0.0068412791614643476,0.13134049572422818,-5.8,0.03428100926680694,0.9774451751610999,0.7670802712440491,0.06309146333951503,0.026981350034475327,0.13055408457294107,0.0045607894426211715,0.007732043729629367,0.0,0.0,32.04571826821231,31.984671900982324,0.09509695693850517,0.2753346420824528,0.17175849229097367,0.15657302737236023,0.14902790412306785,0.07403775472193956,0.03921119547449052,0.03896001921966672,97.46170811782845,49.01368413496109,0.04826784981414676,0.09538937769830227,0.10332306697964669,0.1321229785680771,0.14008860290050507,0.14800730347633362,0.19142667204141617,0.14137414693832398,148.4537183138944,64.12170558443935,14625.1,648.9009893894196,0.4350822132156356,1.1042390677004743,0.7794333332514997,0.5219621650300086,House_Sparrow,Passer domesticus,9910.0,Passer domesticus,Passeridae,Passeriformes,AVIBASE-240E3390,25.0,12.0,13.0,0.0,8.0,13.5,9.1,6.3,7.4,17.9,74.9,20.4,54.4,27.3,57.2,26.51,Dunning,,NO,,,Human Modified,3.0,1.0,Herbivore,Granivore,Terrestrial,5.91,71.19,46.32,61.68,34407867.59
119,23.10234526518136,2.8279460192289143,0.4439002797795828,0.007515064931045373,0.80681954935541,5.721688820078329,1.5771637386245516,0.079180908203125,0.12492823963417925,0.10610543643182453,-7.6,0.04519384614079577,0.9911505965243258,0.7452986717224122,0.14826465809019282,0.0010772088542580604,0.059434634447097776,0.027298573451116682,0.018626253482943868,0.0,0.0,31.804299319092728,25.20926105977174,0.15368667524307966,0.1661017820239067,0.18398544192314148,0.1864450454711914,0.14091233015060425,0.07224655356258154,0.04035916472785175,0.056263002660125495,100.41206255985742,54.20651120379044,0.03354056645184755,0.10705215334892274,0.1358591914176941,0.16875149309635162,0.16954202950000763,0.1436894118785858,0.1322774648666382,0.10928768664598465,138.81098267548683,61.57366032998401,11310.5,564.6569211959838,0.4491852694940893,1.0257804197475793,0.8133728672345892,0.545112440852363,Field_Sparrow,Spizella pusilla,10300.0,Spizella pusilla,Passerellidae,Passeriformes,AVIBASE-E23F6DE0,5.0,2.0,3.0,0.0,3.0,10.4,6.6,4.3,5.2,17.9,64.4,10.8,53.5,16.7,62.0,12.5,Dunning,,NO,,,Grassland,2.0,2.0,Omnivore,Granivore,Generalist,28.87,49.98,39.43,-90.09,3997616.97
120,13.428823371826923,2.1890886052608707,0.4636586358660635,0.006122096362512993,0.8714952785801356,5.597805723579637,1.4907231351852892,0.078363037109375,0.03188433495115493,0.06566384693208235,-14.0,-0.042084654426152085,0.9676450574846797,0.8257128387689591,0.054817744152387604,0.07330289048259146,0.036849215137772263,0.005106379406061024,0.0042109471978619695,0.0,0.0,26.800340659630365,17.696977438988437,0.23848935950227315,0.1368283374380553,0.14599224012345074,0.13626906275749207,0.15476088486611844,0.11381943477317691,0.04439363341080025,0.029447051987517625,94.9227856275899,48.77459996150701,0.026413821149617434,0.10610238760709763,0.17989354431629181,0.19717300534248353,0.16786178052425385,0.13789382427930832,0.10970142334699631,0.07496021874248981,131.02755033103762,57.6699105935477,13812.0,620.2465736389161,0.46046679906977317,1.2271043065241976,0.8061634999347701,0.5764883466307159,Fox_Sparrow,Passerella iliaca,10421.0,Passerella iliaca,Passerellidae,Passeriformes,AVIBASE-0B1B2EB6,5.0,2.0,3.0,0.0,4.0,13.4,8.5,5.3,7.5,24.3,84.2,21.9,61.9,26.1,68.2,33.25,Dunning,,NO,,,Forest,1.0,3.0,Omnivore,Omnivore,Generalist,46.61,70.64,60.38,-117.81,5235159.1
121,18.756591443036044,2.54448457661589,0.4633147894532385,0.007617175584005864,0.833850681545341,5.656035973569887,1.5662173167951972,0.0977447509765625,0.11198457654370819,0.10075903959110946,-13.4,0.05251751863098934,0.9692141476527517,0.7968079805374145,0.09953016440849752,0.017281705792993308,0.04383359588682652,0.00365092876018025,0.03889561833348125,0.0,0.0,31.593740417527204,27.747142192167,0.1594029816798866,0.1785074219107628,0.27092804908752444,0.1937080055475235,0.11175423339009286,0.04414320290088654,0.02145033050328493,0.020105771347880365,87.08003072540883,46.025668369851644,0.02929025860503316,0.10914036184549332,0.1617901474237442,0.156193870306015,0.14931568652391433,0.12874089181423187,0.1337030529975891,0.13182573467493058,139.68571295392798,63.41063526737761,13790.5,671.1568331956863,0.38502966917159964,1.1392217982138653,0.7538298870624114,0.5429348265858078,Grasshopper_Sparrow,Ammodramus savannarum,10321.0,Ammodramus savannarum,Passerellidae,Passeriformes,AVIBASE-5BFFE091,6.0,3.0,3.0,0.0,5.0,13.8,8.2,4.5,6.1,20.1,58.2,12.3,46.0,21.1,41.4,17.61,Dunning,,NO,,,Grassland,3.0,2.0,Omnivore,Invertivore,Generalist,3.31,51.58,40.3,-94.6,5240933.14
122,13.057687853715453,2.069680028106489,0.5011150541457813,0.007185715865052832,0.8855125448134183,5.505859270309948,1.589430436280495,0.0891876220703125,0.20819742392765878,0.2284391877848936,-0.2,0.08124081677998231,0.9775358484076927,0.6077076375484467,0.11367064937949181,0.04234085809439421,0.10540127530694007,0.09112375089898705,0.039755833335220814,0.0,0.0,50.57830888472502,39.86379834316777,0.4887223780155182,0.3115409016609192,0.13582594953477384,0.037576493620872495,0.01590839880518615,0.006357000838033855,0.002485398668795824,0.0015834773425012828,41.69868603081714,28.90656899800747,0.04456337839365006,0.09897173717617988,0.14180564433336257,0.17406111508607863,0.20640006363391877,0.15676963031291963,0.11130792573094368,0.06612050423864275,132.50150346690953,57.39997533255264,11721.7,504.0863582849503,0.5791132688955998,1.0790577314318457,0.8831505161257136,0.6645945367446577,Harris_Sparrow,Zonotrichia querula,10417.0,Zonotrichia querula,Passerellidae,Passeriformes,AVIBASE-DDAF0666,5.0,2.0,3.0,0.0,4.0,16.0,9.2,5.1,7.5,24.3,86.9,20.5,66.3,23.7,80.9,35.5,Dunning,,NO,,,Shrubland,2.0,3.0,Herbivore,Omnivore,Terrestrial,55.45,70.58,64.61,-105.48,1699160.3
123,16.32177085831784,2.285074956680714,0.49601832372341004,0.01411565545857458,0.8303103127049682,5.451103342294312,1.529541675352486,0.0795501708984375,0.09258264390026043,0.16989226923300782,-11.0,0.08823873049299448,0.9925303131395182,0.7094573259353638,0.25004106629639866,0.007383869588375091,0.03284720210358501,0.00014428712893277407,0.00012625124072656034,0.0,0.0,27.871030857737217,13.16412715639141,0.034607357392087576,0.10968968272209167,0.2574747309088707,0.21525345891714096,0.1538485623896122,0.12484248820692301,0.04565496258437633,0.05862875124439597,118.38032472066493,47.34711751278506,0.01510807927697897,0.0980027161538601,0.14793527722358704,0.1547876000404358,0.1982853427529335,0.16034352481365205,0.16701775193214416,0.05851971209049225,138.6628288270661,56.21409837654495,10908.1,588.6922464132309,0.39905309894767765,1.0828242031735702,0.7408024643271582,0.49949613852272634,Henslow_Sparrow,Ammodramus henslowii,,,,,,,,,,,,,,,,,,,,,,,,,,,,,,,,,,,,,
124,17.344871305584622,2.356688171056235,0.48513101586820095,0.006786836942935567,0.8582903865264931,5.593920691623902,1.6180890062809141,0.1294891357421875,0.2083239824510857,0.21238869000563776,-3.8,0.06600172405599586,0.9827849121558003,0.9321644902229309,0.045920655876398084,0.002547293296083808,0.014408622216433287,0.00039569520449731497,0.00456323514226824,0.0,0.0,19.93834587801664,12.802229713263056,0.04379568306321744,0.1287829764187336,0.18360181748867035,0.20972680449485778,0.18399040028452873,0.1334650218486786,0.051883412152528764,0.06475388184189797,121.3916845309466,52.70211502378756,0.030778766982257365,0.07093468010425567,0.09384381696581841,0.10655014365911483,0.1351928234100342,0.16142639815807341,0.1855498731136322,0.21572349965572357,161.8458479562684,64.07187899422213,14765.1,601.8715524196625,0.5035149571299943,1.1159475620023798,0.8505308248750862,0.6015128209703444,Le_Conte_Sparrow,Ammodramus leconteii,,,,,,,,,,,,,,,,,,,,,,,,,,,,,,,,,,,,,
125,12.327223619754658,2.107492831556889,0.4733528631299547,0.00791165500981939,0.8692044733971528,5.46236237912288,1.476516691251439,0.0564300537109375,0.05645493530715352,0.15400184204643674,-9.4,0.0776984250673887,0.9951873674931793,0.6767130434513092,0.17924098186194898,0.01974208131432533,0.07995033203624188,0.02208804525434971,0.0222655120305717,0.0,0.0,38.4468096843389,30.41375621020328,0.28399484753608706,0.24924672842025758,0.2079506203532219,0.1490257789613679,0.06963100321590901,0.01925410991534591,0.008947960287332534,0.011948947003111244,66.89404446610948,37.05012904036649,0.029443458933383227,0.14394200071692467,0.21047174632549287,0.24033360481262206,0.15534872561693192,0.09921982586383819,0.06864517070353031,0.052595474757254124,117.50751237051456,52.554557694033555,11885.4,516.3760987043381,0.558732861561456,0.9007686792116779,0.8626821386767499,0.6382451340380519,Lincoln_Sparrow,Melospiza lincolnii,10442.0,Melospiza lincolnii,Passerellidae,Passeriformes,AVIBASE-AF49F890,4.0,2.0,2.0,0.0,4.0,13.2,8.0,4.0,5.1,20.1,64.0,14.3,49.7,22.3,56.8,16.6,Dunning,,NO,,,Wetland,2.0,3.0,Omnivore,Omnivore,Generalist,32.71,66.53,54.29,-105.44,7567216.93
126,10.705281925822943,1.8665260194089428,0.5135369008168805,0.007500230314511405,0.8927871279592553,5.426938145590259,1.5224135789029023,0.09244384765625,0.11819830962287056,0.32849904119385825,-7.6,-0.02258763546416066,0.9605478114033035,0.7453800797462463,0.07556094892788678,0.02910869927436579,0.02016037340508774,0.06358891907148063,0.0662009812425822,0.0,0.0,40.074695790597,28.609609605311583,0.08512989543378353,0.2178760975599289,0.23059699535369874,0.2257821589708328,0.13246885798871516,0.05799865610897541,0.02951282407157123,0.02063451736466959,95.74863122096473,45.09920525755835,0.028765863552689553,0.09970852881669998,0.15977345108985902,0.17078136503696442,0.1885276198387146,0.1425423189997673,0.11468295902013778,0.09521788880228996,136.06982875544654,58.86122465503193,14707.0,600.0309324264526,0.5063858163659989,1.0957038102659393,0.8362494688132005,0.6256857708098191,Nelson_Sharp_tailed_Sparrow,Ammodramus nelsoni,,,,,,,,,,,,,,,,,,,,,,,,,,,,,,,,,,,,,
127,16.071064525613046,2.263677048971556,0.5077050572180068,0.010001059992399216,0.8608623280808834,5.453230983353375,1.5160798183988669,0.0661895751953125,0.09805078329838132,0.2421594138373632,-3.2,0.06383081209957464,0.9880619332763942,0.5418757274746895,0.09618649072945118,0.02296444526873529,0.21158100813627242,0.10647518001496792,0.02091714977286756,0.0,0.0,57.94458772114992,30.13300414335356,0.28269917219877244,0.24998812675476073,0.2601155906915665,0.11136542037129402,0.050070265564136206,0.025160080613568427,0.012834609893616289,0.007766734249889851,65.08230011334271,40.49153866769136,0.025026556197553874,0.16040710508823394,0.18096019178628922,0.17021116912364959,0.13939509242773057,0.10404452383518219,0.09492604844272137,0.1250293120741844,129.6905628057863,63.22709109063345,10511.6,568.3221029520034,0.4155710967670762,1.0795213058330324,0.7508747607459509,0.520801687484391,Savannah_Sparrow,Passerculus sandwichensis,10434.0,Passerculus sandwichensis,Passerellidae,Passeriformes,AVIBASE-26EB95E7,4.0,1.0,3.0,0.0,4.0,12.8,8.3,4.1,5.4,20.7,72.8,17.6,55.2,24.1,51.2,19.97,Dunning,,NO,,,Grassland,3.0,3.0,Omnivore,Omnivore,Generalist,18.83,71.39,54.37,-108.21,13598359.75
128,14.816904819301502,2.2154530459784403,0.48778018082169095,0.008713685735630559,0.8509804948608977,5.540881877783723,1.544141522853632,0.0858428955078125,0.0152499613684275,0.17812329790284334,-7.2,0.02226066680937666,0.9915136086696485,0.5731823723763227,0.1743037637323141,0.015999491175170986,0.1884104323806241,0.02828865189512726,0.019815298914909362,0.0,0.0,46.96639988844729,23.54859969065499,0.1970517050474882,0.2935632109642029,0.26484605073928835,0.1364040870219469,0.05655205362709239,0.023816971949418075,0.009824846716946922,0.017941083863843233,72.27830833046539,40.92901843325443,0.02569815721362829,0.10559797435998916,0.125154609978199,0.1712244138121605,0.22608930468559266,0.1455291584134102,0.12800126075744628,0.07270511500537395,136.60508527139513,55.812342086080434,11711.1,557.6108318805694,0.48177502619991497,1.006418581373081,0.801575360616235,0.5563330725388598,Seaside_Sparrow,Ammodramus maritimus,,,,,,,,,,,,,,,,,,,,,,,,,,,,,,,,,,,,,
129,14.892784970643683,2.164293943761665,0.5130478875008491,0.009730756264683787,0.8652931724454114,5.479424639814605,1.5863115561984922,0.109027099609375,0.18410589536456384,0.15291170110896518,-9.6,0.09092301291658052,0.9917791314780817,0.8325111150741578,0.03086863411590457,0.025960057228803634,0.09395301435142756,0.005048416927456856,0.01165875957813114,0.0,0.0,29.443571342683686,31.460981047834075,0.07093501053750514,0.24760272204875947,0.24991774260997773,0.16028015613555907,0.10877082198858261,0.06928913258016109,0.04119683839380741,0.052007572073489425,99.86870155312695,54.217738798542754,0.029710717959096654,0.09094197750091552,0.10434283241629601,0.1423066958785057,0.14060247987508773,0.17644136846065522,0.1870732933282852,0.12858063355088234,150.21296758381044,60.51762040676217,14025.9,606.6284940004349,0.4774195686990443,1.0341434074386426,0.8078726053510179,0.6016100209855061,Song_Sparrow,Melospiza melodia,10441.0,Melospiza melodia,Passerellidae,Passeriformes,AVIBASE-A5F09E05,6.0,2.0,3.0,1.0,5.0,13.4,8.5,5.3,6.7,21.5,66.3,13.2,52.6,20.1,67.2,21.91,Dunning,,NO,,,Shrubland,2.0,2.0,Omnivore,Omnivore,Generalist,18.99,62.57,47.88,-103.48,10313728.38
130,14.873097870873533,2.1328696490535775,0.5057975671674682,0.007569317692143718,0.8576352085721389,5.498649765364897,1.540371178323079,0.096728515625,0.1469428352136694,0.13965902423957888,-9.8,0.08498908535396792,0.9716733331762871,0.731488311290741,0.08288766648620367,0.008020973764359951,0.07235690671950579,0.05782189043820836,0.04742424907162786,0.0,0.0,39.145731832862694,40.28510628396773,0.2593479424715042,0.2152109280228615,0.1950722262263298,0.151620751619339,0.08229830302298069,0.03810257678851485,0.02333605494350195,0.035011221282184125,77.76371205362709,45.48754431728115,0.013144696410745383,0.08568721264600754,0.13756200522184373,0.1968310594558716,0.1993178516626358,0.16176881045103073,0.11850975900888443,0.08717861175537109,139.9053098353379,55.897376487962845,13813.7,651.6323619365692,0.40814863714746624,0.9241672086410485,0.7593661469574131,0.5170849652041575,Tree_Sparrow,Spizelloides arborea,,,,,,,,,,,,,,,,,,,,,,,,,,,,,,,,,,,,,
131,18.419979085022867,2.4441310277221246,0.4908119024718817,0.011424963022457664,0.8410792649216186,5.502727176817872,1.5448017196027795,0.0795257568359375,0.08896131788310103,0.13462316060844687,-5.0,0.019682253760288496,0.9783402700632573,0.7422677636146545,0.20520064756274223,0.003275886084884405,0.0115051901069819,0.01219781490508467,0.025552694479119963,0.0,0.0,29.32379383491506,21.80322422676061,0.22700843960046768,0.25811092667281627,0.19212227165699006,0.1584763966500759,0.10190894082188606,0.028265340300276876,0.017256659813574514,0.016851029626559468,75.79760691203786,44.09506032128935,0.027563222870230674,0.15574239194393158,0.14154562801122667,0.1693398803472519,0.15895240008831024,0.15275951325893403,0.08858904242515564,0.10550792403519153,131.4744337824887,60.3664122486404,11492.8,569.1740783452988,0.4469203275215027,0.9912535671239994,0.7776501427201855,0.5653626925274177,Vesper_Sparrow,Pooecetes gramineus,10432.0,Pooecetes gramineus,Passerellidae,Passeriformes,AVIBASE-3647E146,5.0,2.0,3.0,0.0,4.0,12.0,7.7,4.9,6.6,20.1,78.6,18.8,60.0,23.9,59.6,25.68,Dunning,,NO,,,Grassland,3.0,3.0,Omnivore,Omnivore,Generalist,33.41,61.61,46.0,-100.57,6371227.47
132,10.285939464940423,1.6815836560667041,0.5622356694299182,0.010070654164607508,0.8930010816589323,5.260910398304092,1.4908683756954781,0.0839569091796875,0.1737727406775686,0.09642972178105494,-11.2,0.17023642093699404,0.9965728551043185,0.628950709104538,0.12223990112543107,0.03552893800660968,0.16698150523006916,0.025829081144183873,0.02046986251953058,0.0,0.0,44.423825286859724,38.181191739101465,0.4218213677406311,0.2743392109870911,0.15937777906656264,0.08839599415659904,0.034753230214118955,0.012096969410777092,0.005281763290986419,0.003933680709451437,49.94030902123956,41.36393160146606,0.043531015142798425,0.15944424271583557,0.20198067724704744,0.18747411370277406,0.14675700515508652,0.11733328849077225,0.09195519760251045,0.05152445249259472,118.5716898884172,57.83176807447194,15173.3,739.7911482095718,0.37838182175527757,1.1011427106261527,0.734819361244342,0.5441121651919731,White_crowned_Sparrow,Zonotrichia leucophrys,10419.0,Zonotrichia leucophrys,Passerellidae,Passeriformes,AVIBASE-8601A467,5.0,2.0,3.0,0.0,4.0,15.4,8.4,4.5,6.0,22.8,78.7,18.5,60.9,23.4,70.6,28.0,Dunning,,NO,,,Shrubland,2.0,3.0,Omnivore,Omnivore,Generalist,33.38,70.64,58.71,-115.14,7364178.61
133,15.66408161011999,2.2469921378089097,0.4759760453995906,0.0063215627838388135,0.851795856183595,5.567962228076526,1.5614465044107697,0.0900787353515625,0.18776352332803697,0.2223167742650774,-3.8,0.06250907291059517,0.9811845676070601,0.6913492023944855,0.06424250677227974,0.0806392315775156,0.1340678658336401,0.013419023680035025,0.016282157285604625,0.0,0.0,38.93750948050537,29.52884799505224,0.33119952529668806,0.3029457449913025,0.17228532508015632,0.09492798671126365,0.048010827787220475,0.022183692222461103,0.011564354272559285,0.01688253425527364,60.54210463363538,41.550714461935044,0.027566811256110667,0.11024140417575837,0.16240182816982268,0.1842356353998184,0.17726417183876036,0.15454441159963608,0.12504232078790664,0.05870341081172228,131.75465301886416,57.04133170175297,13194.3,573.7245394468307,0.5023210176357636,1.1549725784985614,0.854873853120368,0.6209181402178792,White_throated_Sparrow,Zonotrichia albicollis,10418.0,Zonotrichia albicollis,Passerellidae,Passeriformes,AVIBASE-39BD9FF2,10.0,4.0,5.0,1.0,5.0,13.6,8.4,5.1,6.3,23.0,72.8,14.3,58.1,19.7,70.4,24.4,Dunning,,NO,,,Woodland,2.0,3.0,Herbivore,Omnivore,Terrestrial,40.7,65.85,53.74,-95.18,5662700.85
134,8.329174849105817,1.484821154771992,0.6010430583451127,0.015796208999433552,0.9091459761471092,4.936165235658855,1.391609692902584,0.0568817138671875,0.16919059057517707,0.1172072498285817,-7.0,0.13716489922468264,0.9465663347072379,0.27945722788572314,0.07067695632576942,0.1545267479494214,0.3018904127180576,0.015112008899450302,0.17833665233338253,0.0,0.0,85.43322387643853,40.83765503507036,0.2840123239904642,0.15978171676397324,0.20959320291876793,0.19189440347254277,0.07885795449838043,0.04276979276910424,0.01843033006589394,0.014660277497023344,76.40979657207217,40.13848961048386,0.11412656062748283,0.1800821005832404,0.11791943088173866,0.1209378071129322,0.13318052366375924,0.14958776533603668,0.12465043924748898,0.05951537080109119,119.13728726336879,53.89202510165901,12471.1,701.9401816129684,0.31382274721681275,1.2539975297887438,0.7011621408994725,0.48337723608208066,Cape_Glossy_Starling,Lamprotornis nitens,8756.0,Lamprotornis nitens,Sturnidae,Passeriformes,AVIBASE-57BBB7F1,6.0,3.0,3.0,0.0,4.0,22.4,12.6,5.2,6.4,31.9,118.3,24.6,94.6,20.6,79.8,85.59,Dunning,,NO,,,Grassland,3.0,1.0,Omnivore,Omnivore,Insessorial,-34.21,-5.76,-22.69,22.57,3006322.47
135,8.65759124426969,1.5557556514038446,0.5846825790948695,0.01048114663165979,0.9274713909231501,5.220198833268405,1.5070063109674476,0.0779388427734375,0.15551872505911446,0.1326737609983414,-3.0,0.013901466350627644,0.9945365860833683,0.5306863218545914,0.20132250990718603,0.045902956556528804,0.19682332538068295,0.01534878215752542,0.0099161079589976,0.0,0.0,46.558529228192334,33.574268447849384,0.3623679906129837,0.2890929341316223,0.2172909177839756,0.08876590942963958,0.022157974261790513,0.010075680489535443,0.005396203487180173,0.004852385632693768,52.77389164206022,36.546238990722586,0.07193100303411484,0.15973303318023682,0.19763365387916565,0.15897408574819566,0.13879617154598237,0.11754557937383651,0.09102162569761277,0.06436484456062316,117.30750895295,62.55278590263215,13599.8,671.3828220844268,0.38585121370573744,1.1652183209743414,0.7552161673618049,0.5808056806365872,Bank_Swallow,Riparia riparia,7733.0,Riparia riparia,Hirundinidae,Passeriformes,AVIBASE-94A1C447,26.0,8.0,17.0,1.0,4.0,9.4,5.0,3.7,2.5,10.5,101.8,54.0,47.9,53.0,47.2,12.68,Dunning,,NO,,,Riverine,3.0,3.0,Carnivore,Invertivore,Aerial,24.15,72.45,54.72,29.5,36583654.61
136,31.485247735353926,2.6958928160736333,0.557434926890088,0.027152332935094954,0.8807517191035379,4.550819871624764,1.4005110236767198,0.0889617919921875,0.05509530247528642,0.2188256514699855,-8.2,0.08368459098084535,0.860334444992095,0.5332872331142425,0.1211542358621955,0.02688126596622169,0.21936448514461518,0.07487610690295696,0.024436670262366532,0.0,0.0,55.094748399082825,45.5572694281859,0.35162675082683564,0.24788413792848588,0.17770856916904448,0.0833837155252695,0.08343896702863277,0.04586142051266506,0.008567184582352639,0.0015292520431103185,62.328797711557215,39.696764246145655,0.06090262308716774,0.11335843801498413,0.09325584024190903,0.08617160245776176,0.1056531760841608,0.16332352459430693,0.12792055010795594,0.24941423907876015,154.7123080566652,59.92036958230094,11765.3,482.10015428066254,0.49624342533408683,0.8439393789243393,0.8301832212568654,0.5680597154421607,Barn_Swallow,Hirundo rustica,7714.0,Hirundo rustica,Hirundinidae,Passeriformes,AVIBASE-58C502EA,68.0,23.0,24.0,21.0,10.0,12.4,6.0,4.5,2.7,11.7,115.8,62.3,56.0,52.6,71.4,17.91,Dunning,,NO,,,Human Modified,3.0,3.0,Carnivore,Invertivore,Aerial,-37.53,71.13,47.56,34.57,51701054.06
137,5.978735068890719,1.225302104962084,0.6324088675689689,0.015587273898484261,0.9525226724280111,4.905178200402355,1.4055862821760607,0.0746337890625,0.048113684559754746,0.17324214542051605,-9.2,0.02348320109987318,0.9822601709736472,0.7603978037834167,0.0364283706410788,0.02142473360290751,0.13647133968770503,0.028059422201476992,0.017218331783078612,0.0,0.0,36.4621632872127,40.44196149100175,0.32935304641723634,0.2900878250598907,0.20174023807048796,0.10495062470436096,0.043704777397215365,0.022746018692851068,0.006345573719590903,0.0010719031561166048,58.55225978985145,39.72814416398835,0.09800551645457745,0.23407296240329742,0.14761397689580918,0.11709767132997513,0.09675479233264923,0.11403799578547477,0.12508879136294127,0.06732829213142395,113.98315161355133,64.01632901867517,13488.7,671.55195581913,0.39105088227294393,0.9475901221182529,0.7473345044485968,0.5555781346132342,Cliff_Swallow,Petrochelidon pyrrhonota,7697.0,Petrochelidon pyrrhonota,Hirundinidae,Passeriformes,AVIBASE-F5C181CA,12.0,3.0,5.0,4.0,4.0,11.3,5.9,4.5,3.0,12.6,109.3,54.2,56.4,49.0,49.2,21.6,Dunning,,NO,,,Grassland,3.0,3.0,Carnivore,Invertivore,Aerial,16.24,66.98,46.7,-108.51,11994340.08
138,8.935700265191198,1.4780927734635827,0.6100562335928269,0.013210655254644493,0.941289043606166,5.14534551132978,1.5810045614626098,0.0987762451171875,0.27945802682802084,0.2346843637777427,-14.4,0.07918921668272438,0.9430919214114647,0.47355557680130006,0.16205776445567607,0.030851138290017843,0.23303783386945726,0.05541119957342744,0.04508649194613099,0.0,0.0,58.51267816015144,46.57516596366091,0.4057012557983398,0.2099085718393326,0.18293331265449525,0.08763673603534698,0.05045445766299963,0.03667614590376615,0.013785508833825589,0.012904022075235843,59.234036566668124,50.695425529833756,0.07179148718714715,0.12447565793991089,0.12639278471469878,0.13516129851341246,0.1236537128686905,0.12482926845550538,0.1449992001056671,0.14869658499956132,137.4352245963321,70.0987644337977,12919.3,613.8382480621337,0.43664568859324626,1.1406698675747904,0.7928938834431409,0.5577553190657015,Tree_Swallow,Tachycineta bicolor,7735.0,Tachycineta bicolor,Hirundinidae,Passeriformes,AVIBASE-BBA2F9DF,10.0,4.0,6.0,0.0,4.0,10.8,5.9,3.8,2.8,12.2,115.9,61.3,54.3,53.0,54.0,21.2,Dunning,,NO,,,Wetland,3.0,3.0,Carnivore,Invertivore,Aerial,33.0,68.64,52.15,-107.17,11720977.55
139,7.801455996884103,1.3367335038229717,0.6325461514908225,0.022220853938275994,0.9195435880380854,4.7734102942010255,1.3206949505542984,0.04002685546875,0.06317282419263419,-0.03216927970174188,-5.4,0.06764521517104942,0.9662961572236529,0.5843737006187439,0.2467387616634369,0.07039423796231858,0.005335622554412112,0.028892432898283006,0.06426523167756386,0.0,0.0,37.2591582396278,38.44901578313875,0.0729655793402344,0.11592002306133509,0.0840550109744072,0.10108992531895637,0.09933761954307556,0.1676836147904396,0.17179160565137863,0.1871566191315651,149.75706489859937,68.39276859268799,0.1557402291567996,0.1632663130760193,0.14500991851091385,0.10728644207119942,0.08725061938166619,0.07326963841915131,0.07029221579432487,0.1978846166282892,123.69822506969008,77.3337880820114,9872.5,541.3549878120423,0.4255514314630767,0.9741807541437751,0.7472200039644461,0.4787668681927825,Scarlet_Tanager,Piranga olivacea,10738.0,Piranga olivacea,Cardinalidae,Passeriformes,AVIBASE-42101632,21.0,12.0,9.0,0.0,4.0,18.8,11.5,7.2,8.2,19.4,92.6,29.5,65.9,30.9,63.8,28.2,Dunning,,NO,,,Forest,1.0,3.0,Carnivore,Invertivore,Insessorial,32.41,53.03,41.72,-85.13,2605301.09
140,5.304782379277706,1.129521562450765,0.6486409513348829,0.016618323136765596,0.9313677758242245,4.734285202648432,1.3135611051080545,0.0433380126953125,0.3580588433718044,0.07416063647384252,-9.2,0.16486681449378632,0.9603877762910689,0.7678707107901573,0.018174982443451882,0.019567893445491792,0.0238707676588092,0.016396219964371996,0.1541194290854037,0.0,0.0,39.27343088996376,33.49148143124803,0.04833491314202547,0.03544659912586212,0.06005314867943525,0.07710709385573863,0.15689344182610512,0.1835559979081154,0.18943952545523643,0.24916928643360733,170.79944774160174,54.91283979275954,0.01189965456724167,0.05796669162809849,0.12012553438544274,0.14438765943050386,0.18703476786613465,0.18710515797138214,0.1771896243095398,0.11429091170430183,152.85576922753063,54.89318289278049,14275.1,623.2510330677032,0.46341171322041247,1.2627601543587426,0.8231661199347101,0.5921999327890142,Summer_Tanager,Piranga rubra,10739.0,Piranga rubra,Cardinalidae,Passeriformes,AVIBASE-891798D9,57.0,25.0,29.0,3.0,10.0,19.2,13.3,8.4,9.0,19.5,92.0,27.9,67.4,29.2,71.3,29.13,Dunning,,NO,,,Forest,1.0,3.0,Carnivore,Invertivore,Insessorial,24.5,42.5,33.47,-93.77,3269576.69
141,5.901088662573938,1.1257339572784701,0.6759442190330074,0.029571856308527034,0.9472175132202437,4.665315390783119,1.575584888737158,0.10811767578125,0.08643156510630398,0.2149333157289532,-15.8,0.17091067704045326,0.9509202771830809,0.5333009243011475,0.09228223521495238,0.03673124612541869,0.2639060977846384,0.05308045162819326,0.02069904620293528,0.0,0.0,54.05716560887571,42.22447187927099,0.4882465273141861,0.17036400288343428,0.07009734250605107,0.1417146261781454,0.11665670797228814,0.009309316682629288,0.0028935393289430066,0.0007179407635703683,52.972656270448326,45.828000542172106,0.007820248114876449,0.07890747971832753,0.08745572343468666,0.11276043951511383,0.10744072198867798,0.18126410245895386,0.24967490136623383,0.17467638552188874,164.06106101571686,59.18677899922237,10886.1,584.5882922410965,0.40172636999906264,0.9674455387680773,0.7333310736987244,0.5064169830741576,Artic_Tern,Sterna paradisaea,2666.0,Sterna paradisaea,Laridae,Charadriiformes,AVIBASE-BDC5CF80,9.0,4.0,5.0,0.0,4.0,37.8,22.8,3.8,7.0,16.1,262.7,181.1,80.9,69.1,179.6,110.0,Dunning,,NO,,,Coastal,3.0,3.0,Carnivore,Aquatic predator,Aerial,41.24,83.11,67.21,-35.32,10398468.44
142,8.136140320035196,1.3762987326783729,0.6348873486097519,0.02280059876874533,0.936924437526681,4.843403774666614,1.5485429728427893,0.099505615234375,0.30032228435481345,0.1239157057299625,-12.4,-0.018908008448226828,0.9482604928870486,0.2424780786037445,0.18796504409983755,0.06563327719341032,0.4208288013935089,0.06302946666255593,0.02006532629020512,0.0,0.0,76.68305377585634,40.430955385195745,0.45410786420106886,0.271497417986393,0.13433936908841132,0.11254782862961292,0.01784345377236605,0.00659082179190591,0.0022671357030048965,0.0008061119820922613,47.64322138371669,34.75339635428036,0.06036161482334137,0.17524712830781936,0.1898648574948311,0.12847737669944764,0.09196807555854321,0.09035698622465134,0.10810810001567006,0.15561585873365402,128.11013378486308,70.34882106773723,14941.0,703.538753080368,0.38009100572189,1.0547409741598606,0.7054568768389331,0.4733641476265804,Black_Tern,Chlidonias niger,2658.0,Chlidonias niger,Laridae,Charadriiformes,AVIBASE-115AF02D,10.0,4.0,5.0,1.0,8.0,31.1,18.4,3.5,5.4,15.8,201.7,123.7,75.0,62.1,77.8,65.3,Dunning,,NO,,,Wetland,3.0,3.0,Carnivore,Aquatic predator,Aerial,35.73,63.05,50.61,-10.11,12943719.56
143,5.798814000626341,0.9587868708818521,0.7345081464131565,0.09056881747694377,0.9295389619079444,3.990098492659844,1.6306128312725157,0.27691650390625,0.1872956417348047,0.23971501042554388,-9.2,0.1677522966211435,0.9550230680949057,0.3055360518395901,0.03711543936224189,0.11988798297825269,0.5132520005106926,0.013401669077575206,0.010806865873746574,0.0,0.0,75.61458854885731,33.453469141381206,0.5059638649225235,0.13413876295089722,0.07346175983548164,0.16218650639057158,0.05786598501726985,0.04594134620274417,0.013775420712772758,0.006666345312260092,58.0513562053025,36.67364665019072,0.016723357792943715,0.03990102093666792,0.14096076935529708,0.15680138841271402,0.10699464678764344,0.18399197086691857,0.07242854386568069,0.2821982964873314,160.6896641711616,53.44626904732693,11514.5,556.7511213064193,0.3224382622568581,0.9115235736818471,0.5765368781775443,0.40032493275636344,Caspian_Tern,Hydroprogne caspia,2653.0,Hydroprogne caspia,Laridae,Charadriiformes,AVIBASE-BC06BC0D,10.0,5.0,5.0,0.0,4.0,78.7,49.1,10.4,19.2,42.6,410.7,268.2,143.1,65.1,148.7,655.0,Dunning,,NO,,,Wetland,3.0,3.0,Carnivore,Aquatic predator,Aerial,-46.99,65.99,7.58,76.67,6293644.91
144,5.6334932734371055,1.078149473313022,0.6863194522153816,0.049858506709638165,0.9370775054255404,4.511777076758442,1.6149907965201344,0.1852325439453125,0.14332794263739135,0.16202187167831963,-15.0,0.12869724929376428,0.9251623085029745,0.24460359493969008,0.0512574250344187,0.05360157773829997,0.6105018377304077,0.022087571443989873,0.01794799752533436,0.0,0.0,80.91604084709596,35.836050807932594,0.4073221907019615,0.3325862631201744,0.19846895299851894,0.0290753205306828,0.021728979190811515,0.005902655376121402,0.0026684901560656725,0.0022471550852060317,42.92525477258687,29.756534472084656,0.015400376543402672,0.06915092505514622,0.10958211570978164,0.13964491635560988,0.13158308565616608,0.24370975494384767,0.21521144807338716,0.07571737356483936,152.96257921016635,52.554664951279776,17416.0,716.7103261709213,0.40133943811728595,0.9566072124733891,0.7046992602872306,0.518367671819622,Common_Tern,Sterna hirundo,2664.0,Sterna hirundo,Laridae,Charadriiformes,AVIBASE-4D2FF6F1,14.0,7.0,6.0,1.0,8.0,44.5,24.2,3.8,7.0,19.5,253.3,170.6,82.6,67.3,129.8,129.15,Dunning,,NO,,,Marine,3.0,3.0,Carnivore,Aquatic predator,Aerial,4.3,71.19,50.38,63.44,30248469.5
145,5.944038491999214,1.0966995939272788,0.6854229220017304,0.059181662669668865,0.9180170596175323,4.401251554306524,1.6211164858704261,0.159906005859375,0.24208464771179888,0.15747044375378966,-4.6,0.16959142736017885,0.9488215244220491,0.4685804516077042,0.024392506992444395,0.0144836137391394,0.45958945751190183,0.02272200786974281,0.010231962567195297,0.0,0.0,65.65361192770922,43.142244103249666,0.4920678615570068,0.20752721279859543,0.21852757185697555,0.04775005020201206,0.0193921054713428,0.00741550896782428,0.003965211799368262,0.0033544814621564003,46.184670095105545,35.00601553412444,0.012381466710940004,0.03640386238694191,0.10029244646430016,0.14236901998519896,0.20291336700320245,0.2147255375981331,0.13552393093705178,0.15539037361741065,158.07206988096527,50.45373030216851,15368.0,708.6201677083969,0.39527554987341984,0.8747227650989787,0.7490924181364896,0.5197924997846873,Elegant_Tern,Thalasseus elegans,2674.0,Thalasseus elegans,Laridae,Charadriiformes,AVIBASE-3F9E1C51,5.0,2.0,3.0,0.0,4.0,64.4,44.6,5.8,10.3,28.2,296.6,194.5,97.5,66.6,126.6,260.0,Dunning,,NO,,,Coastal,3.0,3.0,Carnivore,Aquatic predator,Aerial,24.14,33.83,31.85,-116.3,1309.31
146,7.864464248389979,1.3848243539169347,0.6227681107386223,0.01996159026361133,0.9219050644287936,4.954441243356146,1.581185637141572,0.1117919921875,0.30775705646192153,0.17446733435377937,-17.0,0.20000111839213738,0.974410080227482,0.4744354974478483,0.031346609070897105,0.02216800767928362,0.4481325507164001,0.017236714251339436,0.006680611870251596,0.0,0.0,62.983537331298216,31.58213626066251,0.5379150182008743,0.2879242092370987,0.13686512857675553,0.023691679537296294,0.006348862033337355,0.003139487002044916,0.002877073083072901,0.001238535412994679,36.70875822707508,28.336676134322964,0.017343491781502962,0.05379157662391663,0.10656605809926986,0.1659205973148346,0.14292243868112564,0.13727307170629502,0.2443633884191513,0.1318193756043911,157.02290601885454,57.846490070793415,11804.0,686.738753271103,0.3136728958927363,0.8464823363540713,0.6690925350982571,0.4566773018352997,Forsters_Tern,Sterna forsteri,2669.0,Sterna forsteri,Laridae,Charadriiformes,AVIBASE-D13B9122,5.0,2.0,3.0,0.0,4.0,45.3,28.0,4.9,8.8,24.3,252.6,173.5,79.0,68.7,131.4,149.0,Dunning,,NO,,,Wetland,3.0,3.0,Carnivore,Aquatic predator,Aerial,25.88,55.17,46.22,-104.5,1801878.95
147,6.851254511635649,1.2255212430332356,0.6620013396796847,0.026998744491789618,0.9229859669829658,4.654427627275377,1.6203294504835917,0.155694580078125,0.29869207062149616,0.19391431262994682,-1.0,0.176519132797263,0.9952239493997201,0.3025849163532257,0.04482188448891975,0.017762442062667104,0.5064390778541565,0.09858676120638847,0.02980492478236556,0.0,0.0,80.97515723982832,47.22751450118037,0.5143709152936935,0.28826566264033315,0.09238197403028607,0.021163870021700858,0.025500377430580555,0.02379900000523776,0.014558893581852316,0.019959309417754412,44.79969300884268,37.53607826262222,0.0454630067339167,0.058724088687449695,0.08557101911865175,0.09694394171237945,0.21224368810653688,0.29813591092824937,0.1453272745013237,0.05759107507765293,147.69488347629175,50.08319077861753,14992.3,638.3519570112228,0.46507562965679805,0.9302195003795951,0.7947499870153278,0.549395625546224,Least_Tern,Sternula antillarum,2645.0,Sternula antillarum,Laridae,Charadriiformes,AVIBASE-BE78E765,8.0,4.0,4.0,0.0,8.0,29.5,19.8,3.1,5.6,14.6,165.1,114.2,51.0,69.1,77.8,45.86,Dunning,,NO,,,Marine,3.0,3.0,Carnivore,Aquatic predator,Aerial,10.86,48.16,29.11,-91.26,1340830.63
148,9.273872240578825,1.6943069129174693,0.5467135417741947,0.010853655662043797,0.911991621178364,5.258964890558039,1.5783932674361743,0.08486328125,0.20728975821451628,0.2043801497194823,-14.8,0.044828069440533566,0.9274296355433972,0.790752899646759,0.08317672442644834,0.00421766062208917,0.10503488052199828,0.007349414244526997,0.009468436543829738,0.0,0.0,32.56657702497529,22.65486531849368,0.12734697740525008,0.3283810317516327,0.2625862181186676,0.14670043885707856,0.06352121885865927,0.033593363407999274,0.01777425316395238,0.02009650114341639,78.27132196577263,41.72106215502656,0.05176871791481972,0.1171305850148201,0.15861838757991792,0.15853223502635955,0.1472410276532173,0.13519429862499238,0.16698976010084152,0.06452499218285083,131.78363213829115,58.07779181686474,12644.6,531.2142807960511,0.5569390981935871,0.9655357273253233,0.8671627056264052,0.663060048973779,Green_tailed_Towhee,Pipilo chlorurus,10357.0,Pipilo chlorurus,Passerellidae,Passeriformes,AVIBASE-45D829B3,5.0,2.0,3.0,0.0,4.0,15.1,9.3,4.7,6.9,24.1,77.6,13.1,64.9,16.8,87.6,29.4,Dunning,,NO,,,Shrubland,2.0,3.0,Omnivore,Omnivore,Generalist,30.27,48.81,39.82,-112.47,1737517.52
149,22.768776535776823,2.780346065762044,0.4478938732521202,0.007455876974338751,0.8219579656465636,5.730340643755211,1.5560080350107217,0.076513671875,0.13525468152912906,0.15864102860236196,2.8,0.04461750775150134,0.9832592875591674,0.8287744700908661,0.09152069427073002,0.036924182623624804,0.020242248848080634,0.0037566158920526505,0.01878178510814905,0.0,0.0,26.411067706144923,19.01212712982026,0.1275430769484956,0.22163579761981964,0.24668458700180054,0.15601840168237685,0.1058711402118206,0.05133410198614001,0.033616985799744724,0.057295915624126795,94.62723068846573,52.27964673775773,0.021468143537640573,0.09291723296046257,0.14681482166051865,0.1771872252225876,0.17089167088270188,0.15278719663619994,0.1106141373515129,0.12731957137584687,141.59364767353992,60.957719781419726,10920.8,510.1868634223938,0.529862494604648,0.9605346276841283,0.8402651941897428,0.5977517787147678,Brown_Thrasher,Toxostoma rufum,8839.0,Toxostoma rufum,Mimidae,Passeriformes,AVIBASE-C8F9F2D0,5.0,2.0,3.0,0.0,4.0,30.1,19.3,5.4,6.3,34.2,102.5,14.0,86.7,13.9,121.8,68.8,Dunning,,NO,,,Shrubland,1.0,2.0,Omnivore,Omnivore,Generalist,25.78,54.12,41.75,-92.94,5678627.88
150,17.23269751880848,2.312411100416229,0.5108005693909471,0.012742635355594745,0.813230322075815,5.437738230218001,1.544494106980312,0.0880523681640625,0.05408938587124553,0.0750882693103401,-8.6,0.012002644486891994,0.9659365343528762,0.8918108344078064,0.055795661683077924,0.016861753302509896,0.031584572070278226,0.0012468970729969443,0.0027002709452062846,0.0,0.0,23.47241235808564,17.25322801454812,0.19641783963888884,0.31169483363628386,0.2375404268503189,0.14789307340979577,0.07377804853022099,0.015624638367444276,0.007898792717605829,0.0091523437644355,69.77366008752291,39.88984688091834,0.026909308694303035,0.12439835667610169,0.16705893725156784,0.20641278773546218,0.18022869378328324,0.13000452220439912,0.10537951812148094,0.05960788046941161,127.98148664163321,55.057242721490866,13615.2,624.9162133932114,0.442670939660197,1.0013228753885233,0.7808872846999615,0.5435095397224202,Sage_Thrasher,Oreoscoptes montanus,8836.0,Oreoscoptes montanus,Mimidae,Passeriformes,AVIBASE-F6DF700B,6.0,3.0,3.0,0.0,4.0,20.8,12.1,4.4,5.3,29.4,97.7,25.4,72.3,26.0,96.0,44.2,Dunning,,NO,,,Shrubland,3.0,3.0,Carnivore,Invertivore,Terrestrial,33.62,51.21,42.73,-111.95,1992131.03
151,9.451456699880751,1.5374359988925161,0.6013766301337335,0.016782592497237497,0.9382445390768236,5.133861699155561,1.5749403923798173,0.111627197265625,0.11914712708697187,0.12559947943265098,-21.2,-0.0217845303992798,0.9245706196557846,0.5135842353105545,0.1969500333070755,0.05154317207634449,0.12858907021582128,0.07477857796475292,0.034554917458444835,0.0,0.0,53.06137125719446,43.23290168424054,0.49740728735923767,0.20137856602668763,0.13261033296585084,0.09132000729441643,0.03566781758563593,0.018090976318489993,0.009317849838407711,0.01420717068031081,49.939151422622636,41.68383873989053,0.053231402114033696,0.19196772426366807,0.14081664085388185,0.12092993408441544,0.14967356622219086,0.12230206429958343,0.10155337080359458,0.11952529847621918,127.26370311807668,68.21036972272098,16135.6,643.875000834465,0.48559412656475603,0.9095528733761213,0.8119020956033453,0.6524924464152045,Black_capped_Vireo,Vireo atricapilla,6420.0,Vireo atricapilla,Vireonidae,Passeriformes,AVIBASE-DEFD8414,10.0,2.0,8.0,0.0,4.0,13.1,6.8,3.7,3.3,19.8,54.8,8.2,46.6,14.9,42.9,8.99,Dunning,,NO,,,Shrubland,2.0,3.0,Carnivore,Invertivore,Insessorial,23.07,35.95,29.22,-100.09,315128.21
152,11.588493350343745,1.7963789744229672,0.5573211986875014,0.009644945229491025,0.9050531832018203,5.342871031929223,1.5677117533235378,0.10269775390625,0.0575751525957783,0.26337205138274533,-5.0,0.08934350713670072,0.9628133182113862,0.4103779435157776,0.2601997047662735,0.05645568382460624,0.1798445706255734,0.05875205611810088,0.034370033722370866,0.0,0.0,57.867874879534654,41.418998393233906,0.32578588724136354,0.24405960738658905,0.1703573852777481,0.1007458932697773,0.055597754381597045,0.035666757728904486,0.02363467940595001,0.044152027263771744,71.52361881096364,51.13520185523489,0.04651391529478133,0.1299122005701065,0.1334114968776703,0.13848085552453995,0.1568288668990135,0.15104948878288268,0.1353939563035965,0.10840921886265278,136.16254309210404,62.321741865642025,12868.1,623.5921590089798,0.44132975528173785,1.062110441725209,0.7771491392739067,0.5782324525866549,Blue_headed_Vireo,Vireo solitarius,6413.0,Vireo solitarius,Vireonidae,Passeriformes,AVIBASE-95DB0943,11.0,3.0,8.0,0.0,4.0,13.7,7.5,4.0,4.4,18.6,75.3,22.1,53.2,29.3,51.4,15.3,Dunning,,NO,,,Forest,1.0,3.0,Carnivore,Invertivore,Insessorial,34.76,62.01,51.05,-92.77,3329804.9
153,6.6347471321108795,1.2956545655158145,0.6164671799819491,0.010974041438807283,0.9458326761470243,5.0744803328594035,1.5964734604453876,0.1671478271484375,0.1150127449630163,0.2970694059895302,-2.8,-0.0016911117872191448,0.9960184156166582,0.48279809653759004,0.45534652173519136,0.027979552373290063,0.01813515704125166,0.008475195084611187,0.007265481539070607,0.0,0.0,34.9730005884947,19.63200208172958,0.141825776535552,0.18806952610611916,0.18405175805091858,0.16313090920448303,0.11898934403434396,0.06637050118297338,0.05165577053558081,0.08590643163770437,104.48965111329589,56.07464262221835,0.019610305316746235,0.12271705865859986,0.11659111529588699,0.148366080224514,0.18936556279659272,0.15253016203641892,0.15680115297436714,0.09401857065968215,141.103186050975,58.60391925296356,21612.0,621.7036034345626,0.5909458073057021,0.9436241667024798,0.885458834540691,0.6962480176209423,Philadelphia_Vireo,Vireo philadelphicus,6397.0,Vireo philadelphicus,Vireonidae,Passeriformes,AVIBASE-447A1BA5,31.0,8.0,17.0,6.0,4.0,13.2,6.9,3.4,3.5,17.0,66.2,17.0,49.4,25.6,47.1,11.5,Dunning,,NO,,,Woodland,1.0,3.0,Carnivore,Invertivore,Insessorial,43.55,59.51,51.96,-99.55,2750346.28
154,5.425605848426747,1.1951073958246365,0.6245716619014231,0.016329404988603573,0.9526566517129768,4.908832689219506,1.5619275317345864,0.1037811279296875,0.1890080405812295,0.14765462188007386,-13.0,0.05222056800204038,0.9578250281476238,0.47856572456657887,0.4144160552415997,0.02426425461890176,0.022835880191996692,0.0240349218249321,0.0358831666293554,0.0,0.0,40.19260073260361,29.17000405118811,0.14437461420893669,0.3063114799559116,0.24411957934498787,0.12170174717903137,0.07204260528087617,0.04420214956626296,0.024028107902267948,0.04321971172466874,83.10416949273011,48.32635364567304,0.048928006924688815,0.1237019956111908,0.11391350477933884,0.17923873215913771,0.17258161455392837,0.13284213691949845,0.11009172834455967,0.11870228201150894,135.7173846117326,58.536415047653406,14439.2,652.7318560361862,0.4613436540866962,1.1527377107106482,0.7551294361410615,0.6173317509016547,Red_eyed_Vireo,Vireo olivaceus,6402.0,Vireo olivaceus,Vireonidae,Passeriformes,AVIBASE-847717E2,31.0,7.0,9.0,15.0,8.0,16.4,9.6,4.3,4.4,19.5,77.5,23.6,55.6,29.8,52.7,16.06,Dunning,,NO,,,Forest,1.0,3.0,Omnivore,Invertivore,Insessorial,25.72,66.32,45.77,-96.24,8742854.76
155,11.152275376916121,1.7284685897262009,0.5589353190576762,0.009002685887412215,0.9057264568524375,5.310141115579962,1.5508831014662303,0.0965087890625,0.134841653309069,0.1926718537827065,-5.4,0.12761940714037873,0.9453691672695064,0.49101991951465607,0.3685348600149155,0.03643109424738213,0.06948086401680484,0.020639822552038823,0.013893445959547534,0.0,0.0,40.70400791400172,24.827271143418805,0.278239606320858,0.30186510384082793,0.18427621573209763,0.09666045308113098,0.06061700768768787,0.031491123139858246,0.01750782799208537,0.02934265285730362,69.02722272397794,50.239407627235614,0.025261057168245317,0.10516245737671852,0.13406835198402406,0.1475764125585556,0.1815617561340332,0.16389780044555663,0.13409394025802612,0.10837822780013084,141.50959638369963,60.7501459648109,11126.5,546.3020007848739,0.4742762546241428,1.0238253228854304,0.8082288700281308,0.5521321575031941,Warbling_Vireo,Vireo gilvus,6399.0,Vireo gilvus,Vireonidae,Passeriformes,AVIBASE-66AA469C,21.0,5.0,13.0,3.0,11.0,14.3,7.5,3.7,3.7,17.6,70.1,16.5,53.5,23.5,51.3,12.67,Dunning,,NO,,,Forest,1.0,3.0,Carnivore,Invertivore,Insessorial,16.11,66.86,45.21,-105.84,9680437.56
156,8.406229239171205,1.4283927254117526,0.6056883747600222,0.011928958659337241,0.9218690264153565,5.115714379057126,1.585181407287053,0.113812255859375,-0.041039210969976495,0.19240800290273521,-0.4,-0.11834241443023805,0.9540971166249509,0.7659926295280457,0.11625131222972414,0.006701307190814987,0.0854742311872542,0.015416215191362426,0.010164308169623836,0.0,0.0,34.66657662819424,28.025503711021706,0.273520240187645,0.21228408217430114,0.19071636199951172,0.1418519362807274,0.08748201355338096,0.046701768832281235,0.022624913236359134,0.024818680435419082,76.67667832390741,51.37135615112237,0.030472430773079394,0.1019928902387619,0.12240600734949111,0.13717981576919555,0.1517365276813507,0.1912311226129532,0.15898209810256958,0.10599910244345664,144.2136361300963,59.8790952951167,13485.5,599.7196624994278,0.473812248441706,1.020084144729431,0.7968211009506109,0.5632392288485114,White_eyed_Vireo,Vireo griseus,6425.0,Vireo griseus,Vireonidae,Passeriformes,AVIBASE-D97F93CC,24.0,6.0,13.0,5.0,11.0,13.7,7.4,3.9,4.1,19.5,61.6,11.1,50.6,17.9,48.9,11.4,Dunning,,NO,,,Shrubland,2.0,3.0,Carnivore,Invertivore,Insessorial,20.09,42.84,34.73,-88.7,3034548.86
157,12.94943474603831,1.8070445233212076,0.5700252048440542,0.009600650764009221,0.8843493166124086,5.315857297377894,1.611538449729468,0.16903076171875,0.23085224964900553,0.11135912507844707,-16.4,0.11543565841997952,0.9884396953861792,0.6691156089305877,0.14969587223604322,0.01607024702243507,0.11758723817765712,0.01437673714099219,0.03315429929643869,0.0,0.0,42.481731505609304,33.63709213518415,0.1605460423976183,0.16888618022203444,0.15550162345170976,0.15406986176967621,0.12260295003652573,0.08911886364221573,0.08372434675693512,0.06555013097822666,106.58511556375572,60.86051580218225,0.034861008450388906,0.10730430483818054,0.15939438492059707,0.13860154747962952,0.16742046922445297,0.1368578180670738,0.15486008375883104,0.10070037841796875,138.64600197981127,62.751789925661456,23546.4,723.4506156921386,0.47128059073185213,1.0611342248980145,0.8131271110853096,0.6281688645666617,Yellow_throated_Vireo,Vireo flavifrons,6408.0,Vireo flavifrons,Vireonidae,Passeriformes,AVIBASE-F8DDF6A6,27.0,7.0,13.0,7.0,4.0,15.1,8.5,4.3,4.9,19.3,76.3,25.8,50.4,33.8,48.4,18.0,Dunning,,NO,,,Forest,2.0,3.0,Carnivore,Invertivore,Insessorial,28.07,49.87,38.91,-86.42,3167329.54
158,8.616729049452081,1.5123004312949475,0.5870708838735441,0.01307957622253699,0.9162180523608466,5.075297288509098,1.4006091079140686,0.0600860595703125,0.11352545210626952,0.0696792018780849,-3.8,0.044779185196603156,0.952768093844712,0.6605692744255066,0.316801618039608,0.012195805413648486,0.00891864310251549,0.0010094592536916025,0.0005051953019574284,0.0,0.0,28.48368621899791,12.390245986964606,0.11337065901607275,0.22852434664964677,0.2153911590576172,0.18260035142302514,0.12330423146486283,0.049420765275135635,0.037613479094579814,0.04977500415407121,96.3056776767045,48.6284009667967,0.0587289173156023,0.19550885260105133,0.2013838604092598,0.14768857657909393,0.1465910442173481,0.12104378491640091,0.06650651507079601,0.0625484511256218,113.96934436268161,56.131154179937845,12777.8,620.1495178461075,0.421542589917917,0.9349879688086264,0.7972480830386801,0.5572768427448102,Bay_breasted_Warbler,Setophaga castanea,10610.0,Setophaga castanea,Parulidae,Passeriformes,AVIBASE-10C601D3,16.0,5.0,6.0,5.0,4.0,13.5,7.9,3.8,3.8,19.1,69.9,22.0,50.2,30.6,51.6,11.8,Dunning,,NO,,,Forest,1.0,3.0,Omnivore,Invertivore,Insessorial,43.15,64.05,52.51,-92.37,2650066.12
159,21.510451667403835,2.709932161662307,0.45831861112256655,0.006672598492269926,0.828273821102746,5.726784208985236,1.5664576763517564,0.0833465576171875,0.15633998969662433,0.11736189391132101,-18.4,0.12272372048259148,0.9977983191814752,0.42049194425344466,0.21537789478898048,0.1268589190673083,0.16805388256907464,0.037093830190133306,0.032123517396394165,0.0,0.0,56.38093586026243,36.9364443510465,0.43585318326950073,0.2752733677625656,0.11695217788219452,0.058521753177046776,0.045714963041245935,0.029806821094825863,0.028037316724658014,0.009840413165511564,55.275271185205725,47.48514994525693,0.07587837353348732,0.15590621680021285,0.17591662853956222,0.1456950604915619,0.14201399236917495,0.12114101201295853,0.10049342960119248,0.08295528218150139,121.3060266181024,64.38184025992418,13487.0,579.4201674938201,0.508852225340072,1.089340111275361,0.8449067618294774,0.589891218253789,Black_and_white_Warbler,Mniotilta varia,10569.0,Mniotilta varia,Parulidae,Passeriformes,AVIBASE-4D207AF6,20.0,12.0,8.0,0.0,4.0,13.7,9.0,2.9,3.3,17.3,68.8,17.0,49.7,25.5,46.6,10.9,Dunning,,NO,,,Forest,1.0,3.0,Carnivore,Invertivore,Insessorial,30.21,65.04,48.07,-92.35,5385503.08
160,9.458929164740178,1.5329689592258355,0.5981941147008746,0.014857054208404325,0.9345037116945496,5.070221059128485,1.497322132990886,0.0872283935546875,0.09631317099688072,-0.0029061567259896447,1.8,-0.018289902799316256,0.9921949058821882,0.38139061331748964,0.21168153285980223,0.061353734135627745,0.31706324219703674,0.019124849699437618,0.009386015962809325,0.0,0.0,58.609738061084784,34.90623319771768,0.1900748741813004,0.22849397659301757,0.26837926506996157,0.18821748308837413,0.08628080431371928,0.024241532385349273,0.0096321573946625,0.004679903225041926,74.69439698385743,40.55972184435685,0.10303218737244606,0.16089230179786682,0.16155301183462142,0.1443013533949852,0.13694174587726593,0.09458082541823387,0.10195908490568399,0.09673949293792247,118.97504111527383,66.41795318299896,14849.9,629.4784506320954,0.46434201667452013,1.1133868529818582,0.7977225834167386,0.5795936460445217,Black_throated_Blue_Warbler,Setophaga caerulescens,10615.0,Setophaga caerulescens,Parulidae,Passeriformes,AVIBASE-67B455A7,9.0,4.0,5.0,0.0,4.0,13.0,7.4,3.4,3.3,18.6,62.2,14.9,47.0,24.1,48.9,10.14,Dunning,,NO,,,Forest,1.0,3.0,Carnivore,Invertivore,Insessorial,33.82,49.94,44.91,-77.04,1168234.94
161,8.927562514964153,1.6743499880216486,0.5340326821927127,0.008545752401794404,0.917895950873999,5.278843826256573,1.5458877612363566,0.0885955810546875,0.09410457009303305,-0.004467890234579474,-0.6,0.154276903438535,0.9914356545408822,0.7903001070022583,0.19763808138668537,0.005495252314722166,0.0015292463125661016,0.0013024853484239428,0.003734830068424344,0.0,0.0,26.982145638962947,12.45278902172371,0.06281476877629757,0.09016091674566269,0.1227590665454045,0.11055354494601488,0.08543290570378304,0.1321963831782341,0.17900640964508058,0.21707600951194764,154.14543040758107,62.98739766024538,0.016766645293682814,0.08965477347373962,0.10835035890340805,0.10080241747200488,0.12958402335643768,0.15080732405185698,0.15774802565574647,0.24628642834722997,162.46279381352164,59.77448739322646,10500.0,542.26524746418,0.4159950317069865,1.0335883586427776,0.7548931003843544,0.5734195394888779,Blue_winged_Warbler,Vermivora cyanoptera,10568.0,Vermivora cyanoptera,Parulidae,Passeriformes,AVIBASE-B617FE7D,11.0,4.0,7.0,0.0,4.0,13.0,8.5,3.0,3.3,16.3,58.3,14.3,42.6,25.2,42.5,8.9,Dunning,,NO,,,Shrubland,1.0,3.0,Carnivore,Invertivore,Insessorial,33.31,44.73,39.65,-83.95,1491745.35
162,9.59161313943744,1.6438741360240203,0.5697612697834067,0.010465010198961521,0.9080649910121796,5.227220339841183,1.5357242683820218,0.0953216552734375,0.17169769283954622,0.1639445305841248,-2.6,0.1791330760221573,0.9795975086369809,0.5330307334661484,0.1444901129230857,0.08025412489660085,0.1818319346755743,0.04563505634432659,0.014758036471903324,0.0,0.0,54.332242406978956,37.50590295768133,0.33875939548015593,0.23252801299095155,0.09500809013843536,0.0655853921547532,0.050987816974520685,0.05663964562118053,0.043405666295439,0.11708596274256707,86.12371719767818,70.74490876865639,0.026863037049770354,0.11714883670210838,0.18162402808666228,0.15525644570589064,0.1832008808851242,0.14909043908119202,0.10269451565109193,0.0841218188405037,131.73937794768298,56.84980030355077,14990.1,623.1568348646164,0.49070588061633885,0.987961829192628,0.8120188452019941,0.5377632107732381,Canada_Warbler,Cardellina canadensis,10666.0,Cardellina canadensis,Parulidae,Passeriformes,AVIBASE-F2D675AF,51.0,15.0,24.0,12.0,4.0,13.0,7.2,4.0,3.6,19.2,62.5,16.5,47.3,25.9,52.7,10.04,Dunning,,NO,,,Forest,1.0,3.0,Carnivore,Invertivore,Insessorial,34.65,60.45,49.78,-87.55,2768373.43
163,11.503147692751194,1.8827852725691687,0.5316104649190223,0.010627595710269366,0.9136592313369393,5.328591709885436,1.5451109142305335,0.083154296875,0.2436602166701371,0.16190181932041176,-11.4,0.11316406911544578,0.9496406092462749,0.7587497621774674,0.1410384565591812,0.048264831333654,0.042451644549146295,0.006999860075302422,0.0024954486812930553,0.0,0.0,31.69865779524225,16.035347402604533,0.13166384208016096,0.17507917881011964,0.20281902700662613,0.15266755521297454,0.10720493271946907,0.11420577354729175,0.06211793199181557,0.054241758584976194,105.05767870289017,56.38857758219292,0.04335884749889374,0.17096746414899827,0.13721569180488585,0.1266511306166649,0.12864786386489868,0.13209450766444206,0.1079252790659666,0.15313922017812728,135.0949500267347,67.31456910382641,11624.6,548.6652467012406,0.49020421499038724,1.1398193042529714,0.820096702709173,0.579421461084177,Cape_May_Warbler,Setophaga tigrina,10604.0,Setophaga tigrina,Parulidae,Passeriformes,AVIBASE-DB20CB6B,10.0,5.0,5.0,0.0,4.0,12.6,7.6,3.2,3.3,17.5,65.7,17.5,48.2,26.7,45.2,10.04,Dunning,,NO,,,Forest,1.0,3.0,Omnivore,Invertivore,Insessorial,44.03,63.17,53.12,-97.55,2530023.76
164,13.624049726811915,2.116917051026818,0.4952967282200914,0.00862177764641454,0.8856734456622626,5.523446277982442,1.5811414647130992,0.107537841796875,-0.019652557152438924,0.2089924215805003,-2.6,0.08486318184302917,0.969430824350255,0.2581220248132013,0.1930747576057911,0.07420636788010597,0.44835979789495467,0.01899533485993743,0.007241722737671807,0.0,0.0,72.2398546033235,28.49767159200123,0.1864175818860531,0.2443869799375534,0.30321027934551237,0.1346500560641289,0.07629558201879263,0.02592216511256993,0.021724295592866837,0.0073930581100285055,75.61149837404594,44.228564554026704,0.02375338561832905,0.0976411983370781,0.12204820215702057,0.1405621662735939,0.14795510470867157,0.16149289757013321,0.15270599126815795,0.15384105294942857,148.80244641344285,63.384606931039755,13280.9,550.5785377264023,0.5479963738640726,0.9567596784740303,0.848239169447465,0.6336697288531836,Cerulean_Warbler,Setophaga cerulea,10605.0,Setophaga cerulea,Parulidae,Passeriformes,AVIBASE-D00EC2C9,9.0,3.0,5.0,1.0,4.0,14.3,8.2,3.2,3.3,15.5,65.6,21.9,44.0,33.2,42.3,9.04,Dunning,,NO,,,Forest,1.0,3.0,Carnivore,Invertivore,Insessorial,33.26,47.22,40.57,-85.47,1849163.51
165,16.273712185930716,2.2460616465777554,0.4969449094412738,0.007904778023440974,0.8752093399205026,5.577804347343084,1.5768138834640344,0.1005584716796875,0.1756076039654053,0.06161481167126599,-15.8,0.01214170651785516,0.9953660858800207,0.4713442623615265,0.23292212635278703,0.02381449118256569,0.2074866123497486,0.04704930656589568,0.017383201327174903,0.0,0.0,52.823829702374134,41.14906296125546,0.3468344688415527,0.2461927354335785,0.14077072590589523,0.09320631548762322,0.0699411727488041,0.04919483307749033,0.030053544137626887,0.02380619626492262,68.80095743440008,57.09891847901582,0.04411246106028557,0.11605856344103813,0.13685369342565537,0.14671968668699265,0.12255174666643143,0.16567541658878326,0.14829246401786805,0.11973597556352615,140.09975143521498,64.38866174127445,12695.1,573.8666754484177,0.4832365488440334,0.8929106790366663,0.8243058552416361,0.5764680076896692,Chestnut_sided_Warbler,Setophaga pensylvanica,10613.0,Setophaga pensylvanica,Parulidae,Passeriformes,AVIBASE-7AB1229B,46.0,20.0,17.0,9.0,4.0,13.4,7.6,3.6,3.6,18.7,61.6,16.9,46.5,26.6,46.2,9.29,Dunning,,NO,,,Forest,2.0,3.0,Carnivore,Invertivore,Insessorial,34.92,54.44,47.41,-83.82,2422614.2
166,14.261161463730119,1.9867712400826671,0.5415328992307491,0.009941537778479776,0.8815868531327211,5.364183723806451,1.5318620907443108,0.08533935546875,0.17546367804114352,0.1044692668857061,-11.2,0.05538570718284382,0.985492497542201,0.37538199573755265,0.17108426094055176,0.13529827557504176,0.29226721413433554,0.017177407519193368,0.008790843607857823,0.0,0.0,61.77016266919905,38.244295615721086,0.38179979622364046,0.2927722126245499,0.13473310470581054,0.07925215885043144,0.04651369508355856,0.023896422423422336,0.0217992452904582,0.01923335622996092,59.20663807956289,51.112402104914864,0.04109353646636009,0.15942706763744355,0.1525217741727829,0.14308068454265593,0.1340152718126774,0.1340932086110115,0.12152342200279236,0.11424504220485687,132.28271246133457,64.71055538773825,12212.8,582.4877858877182,0.45286723545703367,0.981055295548766,0.7606789393576543,0.5506702304278815,Golden_winged_Warbler,Vermivora chrysoptera,10567.0,Vermivora chrysoptera,Parulidae,Passeriformes,AVIBASE-83F326C8,21.0,11.0,8.0,2.0,4.0,14.6,9.0,3.2,3.5,17.9,60.6,15.6,44.9,25.9,44.9,8.74,Dunning,,NO,,,Shrubland,2.0,3.0,Carnivore,Invertivore,Insessorial,34.73,49.47,43.32,-82.67,946202.7
167,10.120711580261807,1.5591442981903407,0.5926649339627181,0.011697480377355893,0.9244654295412239,5.1529872252269255,1.5125054069554449,0.0684539794921875,0.24564746569090615,0.15969304194006617,-4.8,0.11194384173535657,0.9742967476509696,0.6836531937122345,0.1988191768527031,0.031727933790534735,0.08273628954775632,0.001600963482633233,0.0014624377246946097,0.0,0.0,35.681491237763204,16.82978967756213,0.062027146722539325,0.14001976856961845,0.08418964594602585,0.1007840320467949,0.09927017018198966,0.15715923458337783,0.12823855578899385,0.22831145040690898,150.66989696157958,55.918526357010705,0.05513973981142044,0.144019190967083,0.14375288188457488,0.17051790356636048,0.09824369847774506,0.10491279363632203,0.1190449595451355,0.16436882726848126,136.0167691544454,67.01956388456148,11658.2,535.2094043493271,0.5081810197827547,1.1344913938850227,0.8359496715223272,0.600176482854724,Hooded_Warbler,Setophaga citrina,10601.0,Setophaga citrina,Parulidae,Passeriformes,AVIBASE-15EB3000,13.0,4.0,9.0,0.0,4.0,13.7,7.9,3.8,3.6,19.2,64.7,13.6,49.7,21.5,55.1,10.54,Dunning,,NO,,,Forest,2.0,3.0,Carnivore,Invertivore,Insessorial,28.52,43.51,36.02,-85.15,2007300.04
168,7.1683684447786815,1.3717035358152287,0.6042585677764134,0.011507287451991923,0.9211606710488798,5.06106838436714,1.4583278007234977,0.0725860595703125,0.25613190301742633,0.13823137677162933,-2.8,0.09683669111909196,0.9675102152495196,0.5950404107570648,0.3217724025249481,0.055873569846153257,0.019445519463624807,0.003633268433623016,0.004234822979196906,0.0,0.0,35.0774212356995,17.484759350591798,0.03587403409183025,0.1006723266094923,0.10989541560411453,0.18828640282154083,0.2101162314414978,0.1713646799325943,0.10409772023558617,0.0796931897290051,136.31675225009377,55.08131132107367,0.04412827398627996,0.11452439501881599,0.15719923824071885,0.18267611563205718,0.16628098040819167,0.1589864157140255,0.10120198875665665,0.07500259056687356,129.9303451367873,56.68310586806372,11717.4,561.8485950231552,0.47042568939342716,1.071712880073826,0.8034860538863347,0.5377023062130644,Kentucky_Warbler,Geothlypis formosa,10588.0,Geothlypis formosa,Parulidae,Passeriformes,AVIBASE-8C105C3C,19.0,4.0,13.0,2.0,4.0,13.8,8.7,3.5,3.7,22.8,66.9,16.6,50.0,24.9,48.1,14.0,Dunning,,NO,,,Forest,1.0,3.0,Carnivore,Invertivore,Generalist,29.58,44.47,36.24,-86.53,1970256.38
169,13.586107241294883,2.0116192046485764,0.5168570577591722,0.006968756923169473,0.886593935128109,5.507705789402582,1.5471705086660301,0.1006011962890625,0.07959175561587864,0.031891330643936816,-4.4,0.06992363578081442,0.9861166613504,0.3812311112880707,0.3309679001569748,0.07781392261385918,0.19026727378368377,0.00895138445775956,0.010768412007018923,0.0,0.0,53.46186914713295,33.29592169451881,0.14815153777599335,0.20201010406017303,0.1921262562274933,0.14257091879844666,0.12810804098844528,0.07714462131261826,0.052555601205676795,0.05733292398508638,100.00898630689701,60.539683245065476,0.05654809568077326,0.11665098965168,0.14562066942453383,0.15729799568653108,0.1457842230796814,0.13668850511312486,0.12252956330776214,0.11887995563447476,134.78417121945373,65.62330118167833,14731.2,615.6524621963501,0.4976865850573093,0.9222764124603406,0.8238504208977139,0.5476693573134002,Magnolia_Warbler,Setophaga magnolia,10609.0,Setophaga magnolia,Parulidae,Passeriformes,AVIBASE-1E82CE1E,24.0,10.0,8.0,6.0,5.0,12.1,7.1,3.1,3.1,18.2,58.4,12.6,46.9,21.1,46.5,8.14,Dunning,,NO,,,Forest,1.0,3.0,Carnivore,Invertivore,Insessorial,38.23,64.04,52.19,-95.33,3661483.1
170,7.706123645047194,1.668676125521846,0.5235166511479721,0.012554089910989408,0.9155766916329403,5.0446288555337055,1.4440976955157843,0.0572479248046875,0.0294468705148579,0.1663900130162539,-10.4,0.06829846733665174,0.8744680589218925,0.4570163680706173,0.4813073033466935,0.00839928122004494,0.034973472356796265,0.00983792282640934,0.00846566241234541,0.0,0.0,38.33685432046537,17.993637390037087,0.07758386395871639,0.2300115555524826,0.1887043222784996,0.23633022606372833,0.06554704941809178,0.05281790345907211,0.06326321437954903,0.08574186563491822,106.47649565728314,48.01279937826941,0.014586456865072251,0.04356701672077179,0.0798039749264717,0.14029715955257416,0.3332399934530258,0.2701606899499893,0.08430533483624458,0.034039365500211714,145.3017863103525,39.48787571768146,7270.5,378.8570960044861,0.4889742492814232,1.0217575769073108,0.7914284723497828,0.5204707529872519,Mourning_Warbler,Geothlypis philadelphia,10587.0,Geothlypis philadelphia,Parulidae,Passeriformes,AVIBASE-1A0096F2,71.0,29.0,28.0,14.0,7.0,12.5,8.0,3.3,3.6,22.1,59.0,15.1,44.7,25.3,47.8,11.74,Dunning,,NO,,,Forest,1.0,3.0,Carnivore,Invertivore,Insessorial,37.6,59.93,49.89,-89.66,2709565.27
171,12.381872649689496,1.8288289328681107,0.5602286043677529,0.012084664422621825,0.8880416366817642,5.215851322621448,1.5118192529454446,0.09019775390625,0.21037463922970012,0.11119195914453825,1.2,0.09979751755517889,0.9598672352349112,0.5160299122333527,0.09796987739391624,0.02310203043743968,0.24113872237503528,0.06176062253070995,0.05999882817268372,0.0,0.0,61.58932433415134,48.840938571731996,0.43555601611733435,0.22179971784353256,0.14367297515273095,0.08949759062379599,0.05074868835508824,0.02900605755858123,0.01628302417229861,0.013435924891382456,57.18243286865211,40.430297609339455,0.03743817415088415,0.16447365432977676,0.1701588362455368,0.15779952555894852,0.14298943653702736,0.1268204741179943,0.09515283219516277,0.10516707301139831,127.82593279331226,64.129743282966,13863.0,639.7377433776855,0.42565814680886255,1.147810507181596,0.7717353075209203,0.5713332294530142,Myrtle_Warbler,Setophaga coronata,10620.0,Setophaga coronata,Parulidae,Passeriformes,AVIBASE-524C7116,12.0,6.0,6.0,0.0,3.0,12.6,7.2,3.4,3.4,18.1,71.6,17.6,54.1,24.5,56.3,11.94,Dunning,,NO,,,Forest,1.0,3.0,Carnivore,Invertivore,Insessorial,40.75,69.23,56.68,-107.87,7207362.84
172,9.13667625952668,1.5920421152896274,0.5723315892864778,0.011064561845699726,0.8946821680836512,5.152990215813739,1.4811904535308529,0.0704345703125,0.22584558497452872,0.09000486405603306,-13.8,0.02872352909357556,0.9156785219433985,0.7771117687225342,0.17470535426400602,0.005059833358973265,0.037427805282641204,0.004921409208327532,0.0007738368120044469,0.0,0.0,31.78861093675055,14.29584792662755,0.09536621314473451,0.07295250501483679,0.09256748929619789,0.15133988559246064,0.2077448323369026,0.15123296678066253,0.0898877918953076,0.13890832592733204,138.52526088625694,60.56211982642522,0.017444267636165023,0.11520192325115204,0.18030619621276855,0.20883170366287232,0.18332590460777282,0.13628016114234925,0.09354005455970764,0.06506979372352362,128.74576638943003,53.41120309180751,11485.8,533.7681907892227,0.507778164499331,1.0143683980510414,0.84837470110905,0.5799397750267989,Nashville_Warbler,Leiothlypis ruficapilla,10578.0,Leiothlypis ruficapilla,Parulidae,Passeriformes,AVIBASE-183E5F90,5.0,2.0,3.0,0.0,4.0,11.6,7.0,2.8,3.5,16.1,56.8,13.3,43.4,23.6,42.4,8.09,Dunning,,NO,,,Forest,1.0,3.0,Carnivore,Invertivore,Insessorial,36.29,56.58,47.87,-88.86,2772463.48
173,8.07819106800083,1.501503420901874,0.5792467505368555,0.010107090186400202,0.9229138660511225,5.186943270919254,1.5499826068055917,0.09603271484375,0.09670890606495833,0.059937207469214625,-9.6,-0.018565758914620013,0.9578505980991935,0.872009813785553,0.07250910028815269,0.01848024245991837,0.02099124141968787,0.007631866540759802,0.00837773228995502,0.0,0.0,28.63367147817265,19.718213649269632,0.10246080915239872,0.16155354008078576,0.21736207008361816,0.17727650701999664,0.1371132515370846,0.1013152901083231,0.046512038074433805,0.05640649031847715,107.15741425037542,53.92319973609477,0.047954260185360906,0.11316545009613037,0.13985580205917358,0.1502940386533737,0.14018075913190842,0.17772735357284547,0.14707728400826453,0.08374505937099457,136.4143530347679,59.31095829293613,13294.0,583.7113372564315,0.48613286537547057,0.9904067477261034,0.8375710420569572,0.6267156865388783,Orange_crowned_Warbler,Leiothlypis celata,10575.0,Leiothlypis celata,Parulidae,Passeriformes,AVIBASE-FFF61080,4.0,1.0,3.0,0.0,4.0,11.8,7.8,3.8,4.0,18.4,59.9,13.8,46.0,23.0,46.5,9.19,Dunning,,NO,,,Shrubland,1.0,3.0,Carnivore,Invertivore,Insessorial,30.58,68.99,54.4,-116.99,7482895.14
174,14.22058783191082,2.11457747153158,0.5038597852217774,0.007565087157509945,0.8740599399970927,5.510830060158811,1.5553045009199433,0.0798736572265625,0.04572486981780396,0.0704898420404884,-3.2,0.017864870222579265,0.9872416081523827,0.8237524390220642,0.05100427083671093,0.020857658320164774,0.09507330350461415,0.005833891266956925,0.0034784429939463735,0.0,0.0,31.779328923895797,21.86128281344859,0.11788194123655557,0.15852101147174835,0.2119619555771351,0.1937532067298889,0.12939712330698966,0.0883724445477128,0.059484586119651794,0.040627733198925854,103.60423947051258,48.17841240937161,0.025679527409374715,0.0962375521659851,0.12666599303483964,0.1726197272539139,0.16219877153635026,0.19872922003269194,0.14638869017362593,0.07148052155971527,140.11476741349776,57.81405294292224,10681.4,577.4985513448715,0.41441933334520353,1.0375459963168843,0.7622828607997318,0.5236095953891573,Palm_Warbler,Setophaga palmarum,10616.0,Setophaga palmarum,Parulidae,Passeriformes,AVIBASE-4AAEF549,11.0,4.0,6.0,1.0,4.0,12.9,7.1,2.8,3.1,19.1,63.7,12.7,50.4,20.1,51.0,10.3,Dunning,,NO,,,Forest,1.0,3.0,Carnivore,Invertivore,Insessorial,42.85,65.15,53.46,-93.54,3394685.27
175,11.885829824214172,1.7501691761467633,0.5720036414288752,0.01231553694632029,0.8943629012655517,5.244977894818851,1.550913078358168,0.1039276123046875,0.32390160106272675,0.14289943010143827,-13.4,0.08925541410066086,0.9738155799729465,0.6903512477874756,0.10874333875253797,0.0989568040240556,0.07335589447102393,0.016809787042438983,0.01178292203694582,0.0,0.0,39.43648141485487,28.562591857925334,0.12166111739352345,0.12439576573669911,0.11599746495485305,0.1326207287609577,0.12135446965694427,0.11126639544963837,0.11500773355364799,0.15769632011651993,130.8528535959735,74.11816006325837,0.05508267134428024,0.13850905373692513,0.12442000657320022,0.14046838134527206,0.14268309772014617,0.13059505820274353,0.12004408985376358,0.14819764196872712,137.9400269743868,67.10487354194288,14998.8,588.1397643804551,0.5405726134103003,1.0122919109194277,0.8668853863362731,0.644620271789233,Pine_Warbler,Setophaga pinus,10618.0,Setophaga pinus,Parulidae,Passeriformes,AVIBASE-6283E61E,14.0,7.0,7.0,0.0,6.0,13.4,8.0,3.1,3.8,18.6,71.8,20.6,51.2,28.6,54.0,11.79,Dunning,,NO,,,Forest,2.0,3.0,Carnivore,Invertivore,Insessorial,17.61,52.12,38.54,-83.72,2073441.98
176,11.798859366481588,1.944371816645844,0.5127298120646326,0.008705292650958547,0.88675092124071,5.415111614756496,1.5272521569606945,0.0916046142578125,0.11941333178986402,0.14595270210170697,-4.6,0.04252235390458497,0.9854523987572772,0.7951753795146942,0.1581670580431819,0.045394536852836606,0.0006164948223158717,0.00022590871376451104,0.000420628824213054,0.0,0.0,29.28307538832461,9.349799604675116,0.026416213263291865,0.084920553304255,0.11811584867537021,0.14380169957876204,0.15875568091869355,0.16310890913009643,0.16340071000158787,0.14148039780557156,150.2568242964691,55.61469012644203,0.031060180999338625,0.15309322029352188,0.1362933874130249,0.1495520979166031,0.15835633277893066,0.14254000186920165,0.11094139367341996,0.11816338794305921,134.96345296142277,61.111406199232384,13792.0,600.6701238393783,0.48677754151744823,1.0045745972974054,0.8217820223951309,0.5702676301619427,Prairie_Warbler,Setophaga discolor,10624.0,Setophaga discolor,Parulidae,Passeriformes,AVIBASE-E36325FA,16.0,6.0,8.0,2.0,7.0,11.8,7.2,2.8,2.9,17.7,55.5,11.1,44.4,20.0,48.4,7.64,Dunning,,NO,,,Shrubland,2.0,3.0,Carnivore,Invertivore,Insessorial,24.53,45.96,35.89,-83.73,1565603.51
177,8.925580563930215,1.479051182471607,0.5972476658160069,0.013226093835081863,0.9225307002722001,5.1177043208410655,1.5324041293634838,0.0958282470703125,0.1582185464792731,0.18685735234423567,3.4,0.1322476764030671,0.9786851557968198,0.7366772592067719,0.0804423560446594,0.01806197171099484,0.13379146941006184,0.022419126611202954,0.008607817313168198,0.0,0.0,40.166032116322455,28.87286967770668,0.16494199761655182,0.16838833019137384,0.14659309089183808,0.06769878342747689,0.04405802898108959,0.08889235071837902,0.1443597763776779,0.1750676415860653,125.1070216814049,74.49114750021593,0.05451018065214157,0.12115173488855362,0.1442631408572197,0.12974571883678437,0.11558972895145417,0.14318934679031373,0.11162111908197403,0.1799290359020233,142.2179623156387,68.56234497387968,13115.4,642.65145175457,0.40637782842594505,1.10225747398459,0.7686337613281063,0.5710518170129204,Prothonotary_Warbler,Protonotaria citrea,10570.0,Protonotaria citrea,Parulidae,Passeriformes,AVIBASE-4D08EE7E,15.0,7.0,8.0,0.0,4.0,17.1,10.8,3.8,3.9,18.3,68.9,20.9,48.9,30.0,42.7,14.3,Dunning,,NO,,,Forest,1.0,3.0,Carnivore,Invertivore,Insessorial,25.81,45.28,36.53,-88.1,2173071.74
178,5.69293680351598,1.1980203234410027,0.638598334238645,0.02320650608563401,0.9351882706565894,4.824090921833546,1.4732679813231961,0.1189483642578125,0.22790270599749043,0.2052707468551021,-16.6,0.06278126168731166,0.9730699311366677,0.7828659981489181,0.2067689413204789,0.002137922344263643,0.0013170769554562867,0.0002348228357732296,0.0066752525512129065,0.0,0.0,23.100124493110414,12.661421289770548,0.1395410042256117,0.23457289934158326,0.22535958588123323,0.1937943734228611,0.1286680992692709,0.046429967135190965,0.016959139658138157,0.014674933813512325,86.80025943268417,39.64954331526438,0.0030460752896033227,0.1609959088265896,0.18109589964151382,0.150475437939167,0.15672159045934678,0.14914423339068889,0.10724971732124686,0.09127114620059729,132.19106520072248,51.04623043678287,17916.4,660.8739904642105,0.5188080282827773,1.0211888998712362,0.8482224479952724,0.6112776124526584,Swainson_Warbler,Limnothlypis swainsonii,10571.0,Limnothlypis swainsonii,Parulidae,Passeriformes,AVIBASE-D3624203,5.0,2.0,3.0,0.0,4.0,17.8,11.4,3.4,4.3,17.7,71.6,17.9,53.9,25.0,49.6,18.9,Dunning,,NO,,,Shrubland,1.0,3.0,Carnivore,Invertivore,Terrestrial,28.57,39.16,33.39,-87.71,1142671.96
179,10.40058291214926,1.6732991529694423,0.5689365772808732,0.010318072367453607,0.9050069526227853,5.267700790262641,1.5306858985471197,0.0802886962890625,0.15471984718238266,0.3099870975479181,-15.6,0.011246761343170963,0.9885286475066613,0.7720683574676513,0.08360867276787758,0.003912763809785247,0.11867030682042241,0.006564482813701034,0.015175422839820384,0.0,0.0,37.08349113450181,29.548442155135113,0.067904057726264,0.11642860025167465,0.13404801040887832,0.1846211850643158,0.1782050222158432,0.13018794171512127,0.058839579299092296,0.12976559959352016,130.9266799365512,59.65360207485494,0.024523965455591677,0.11237865015864372,0.14890478253364564,0.12317840307950974,0.1351695775985718,0.15571464598178864,0.17707788944244385,0.12305207550525665,145.06537597643575,63.0354674930128,11388.7,580.725550198555,0.423542482021409,0.9619469526401611,0.7861571771399449,0.554645169816941,Tennessee_Warbler,Leiothlypis peregrina,10574.0,Leiothlypis peregrina,Parulidae,Passeriformes,AVIBASE-D204A930,60.0,22.0,21.0,17.0,4.0,10.9,7.8,3.1,3.2,18.3,62.5,16.6,47.6,25.9,42.1,8.9,Dunning,,NO,,,Forest,1.0,3.0,Carnivore,Invertivore,Insessorial,43.39,67.44,54.36,-100.86,4777801.14
180,11.103835914364451,1.7813753869072548,0.5496753914645484,0.010240588007525257,0.8782750068584031,5.272922732479076,1.560802108227533,0.08388671875,0.2153345582440525,-0.009555028142025418,-8.6,0.04424988867662029,0.9695131917958555,0.8915139198303222,0.08770907316356898,0.002380458860716317,0.010204527899622918,0.005169766256585717,0.0030222632456570865,0.0,0.0,25.875372956386514,14.36647520967368,0.05675513725727797,0.06077984720468521,0.11660202145576477,0.1246542438864708,0.15712505728006362,0.15797407627105714,0.17077963948249816,0.15532998070120813,150.39971701673122,63.65698601204623,0.018689232366159558,0.06224151700735092,0.09931508377194405,0.17629429548978806,0.18940753638744354,0.1859950140118599,0.1379232257604599,0.13013409823179245,150.9603038054577,58.144204240583505,10266.1,508.55011122226716,0.5166309099931697,1.005421619254766,0.8197959463581139,0.5741513273362107,Wilson_Warbler,Cardellina pusilla,10667.0,Cardellina pusilla,Parulidae,Passeriformes,AVIBASE-1F09CCCC,21.0,10.0,11.0,0.0,4.0,11.6,6.6,3.2,3.1,17.9,56.3,11.5,44.1,20.7,48.1,6.96,Dunning,,NO,,,Forest,1.0,3.0,Carnivore,Invertivore,Insessorial,34.29,69.66,56.95,-113.01,7961357.24
181,8.321644112327395,1.425249407280815,0.6081964897592693,0.012375617157417265,0.9134617277103997,5.062292642112144,1.4771837532969612,0.0869354248046875,0.235118227744778,0.05244156446395006,-11.6,0.013874302888602096,0.9926266289440846,0.7400467038154602,0.24306854158639907,0.011533827723178547,0.00035643293522298337,0.0003588986466638744,0.004635593155398965,0.0,0.0,25.20027429040486,13.26664062825434,0.030345480795949696,0.13538889763876796,0.20556140094995498,0.1354748375713825,0.17040472216904162,0.13847802989184857,0.0818998921662569,0.10244674159912392,129.36728938766447,44.877080940227984,0.023681383882649242,0.10947150439023971,0.18517086952924727,0.21623291075229645,0.1968841403722763,0.12368287444114685,0.07403325736522674,0.07084305903408676,126.96647588578989,53.09973803504299,16822.8,643.2760110616684,0.522081319883414,0.9259672259665898,0.8353502807287828,0.6091280736240685,Worm_eating_Warbler,Helmitheros vermivorum,10563.0,Helmitheros vermivorum,Parulidae,Passeriformes,AVIBASE-295C4CD6,10.0,5.0,4.0,1.0,4.0,15.3,10.2,3.7,4.5,17.7,68.3,18.0,50.6,26.2,48.4,14.16,Dunning,,NO,,,Forest,1.0,3.0,Carnivore,Invertivore,Insessorial,30.13,43.17,36.37,-85.71,1754178.4
182,9.224191231614308,1.6311629950626578,0.5579904065046122,0.00910066337921418,0.9166055674250918,5.282874064028725,1.596316139640141,0.1085693359375,0.26589379287092474,0.12351824252109589,-0.6,0.17502573987841882,0.9790934604541148,0.8676847696304322,0.11029702427913435,2.1637996542267502e-05,0.015216873690951616,0.0032449394930154085,0.003534744994249195,0.0,0.0,27.6100037329331,14.003608522421384,0.008558674216328655,0.0550453431904316,0.09766460359096527,0.08157441392540932,0.10111016780138016,0.20429675802588462,0.17257254123687743,0.27917750999331475,175.5802617838485,59.670129684647556,0.01912908721715212,0.0530002050101757,0.10953907668590546,0.13922745138406753,0.1414496272802353,0.15827406346797943,0.15521384477615358,0.2241666465997696,162.61265166832013,63.352683512894735,12419.6,534.4711352348328,0.537927455207318,1.1255332786248173,0.8478511097769704,0.5853199259387937,Yellow_Warbler,Setophaga petechia,10612.0,Setophaga petechia,Parulidae,Passeriformes,AVIBASE-A6C0C4A9,92.0,45.0,24.0,23.0,8.0,11.7,8.0,3.4,3.2,20.0,60.2,14.1,45.7,23.6,43.3,10.22,Dunning,,NO,,,Shrubland,1.0,3.0,Carnivore,Invertivore,Insessorial,-3.94,70.64,50.59,-108.69,15552185.22
183,11.711513236626294,1.776272587516964,0.5642654865149768,0.013722640128335753,0.8669094351146189,5.130010691302976,1.436212216659517,0.0509002685546875,0.20120364568239563,0.0650822278692165,-9.0,0.12485964901629107,0.8957310978419086,0.4090830385684967,0.43669035732746125,0.014056231593713164,0.020692712359596042,0.09794543049792992,0.021532222605310382,0.0,0.0,47.056132299404,24.47977040376391,0.20920056849718094,0.44061270356178284,0.18389374017715454,0.05373677760362625,0.03412777949124575,0.024524483270943163,0.018109909401391632,0.035794040048494936,66.57393218732498,41.734099977676294,0.05923549886792898,0.23106535151600838,0.22153525948524475,0.17549727112054825,0.12898233979940416,0.09348346218466759,0.05791622018441558,0.03228459623642266,103.67960587739108,51.69726154945416,12472.5,544.4010769605636,0.5410124819054085,0.9577314814814816,0.8629941759201571,0.6686795692791898,Northern_Waterthrush,Parkesia noveboracensis,10565.0,Parkesia noveboracensis,Parulidae,Passeriformes,AVIBASE-709AF716,57.0,4.0,6.0,47.0,4.0,18.8,9.7,3.5,3.7,23.0,73.9,21.0,54.2,28.0,49.9,16.3,Dunning,,NO,,,Shrubland,1.0,3.0,Carnivore,Invertivore,Terrestrial,37.23,69.29,55.55,-106.16,7602956.73
184,12.79564086159041,1.9978883347768757,0.5194202675304465,0.011084112608545608,0.8837793439284626,5.334568094132239,1.524625313345591,0.07471923828125,0.3004136724920321,0.11225165146281332,-9.0,0.1063924746025953,0.9712936445610927,0.6919199645519256,0.10427312515676021,0.07664149489719421,0.02938133552670479,0.021711074793711305,0.07607301025418564,0.0,0.0,42.26830192330799,38.42477747357262,0.3167746916413307,0.3289886027574539,0.17842828370630742,0.0836753410170786,0.04134869868867099,0.022499042190611364,0.012742028437787666,0.015543313324451446,58.42400022403672,37.393473412543884,0.06354575827717782,0.09129554405808449,0.11329845387954265,0.1408448550850153,0.12331899404525756,0.2030463382601738,0.1532173663377762,0.11143268346786499,142.2843388752072,58.678537153173735,10287.2,529.7162131309509,0.4567206875337039,0.8655103372555804,0.7652373671506926,0.5421109831190096,Louisiana_Waterthrush,Parkesia motacilla,10564.0,Parkesia motacilla,Parulidae,Passeriformes,AVIBASE-7AB0F3A4,5.0,2.0,3.0,0.0,4.0,17.1,11.0,4.2,4.5,22.3,79.8,23.6,56.1,29.7,49.0,19.9,Dunning,,NO,,,Forest,1.0,3.0,Carnivore,Invertivore,Terrestrial,28.69,46.45,37.78,-85.92,2411690.61
185,9.538029886315504,1.3971362727043597,0.6374811000311419,0.01408041111166553,0.9127130869332655,4.9852197747796305,1.5561427819578175,0.1312896728515625,0.18223973721847245,0.15963454916500627,-14.4,0.1024280020392753,0.8821110964488369,0.6115023493766785,0.038670175441075115,0.01340297440183349,0.20219723805785178,0.06615332961082458,0.06807392742484808,0.0,0.0,53.18224451040925,52.28498508995439,0.3430127903819084,0.3213355243206024,0.15399973094463348,0.07556650638580323,0.04719424434006214,0.032652970775961875,0.019010787783190607,0.007227452087681741,58.74154917894829,45.45946873142445,0.07052490375936031,0.10708016753196717,0.11934635192155837,0.14131811559200286,0.21062421202659606,0.16825342327356338,0.12738259956240655,0.05547022819519043,131.22061259493137,60.05583991759219,17918.3,725.6940920591354,0.4256014811675418,1.0738512585812359,0.7794182370553877,0.5140682412208648,Bohemian_Waxwing,Bombycilla garrulus,9373.0,Bombycilla garrulus,Bombycillidae,Passeriformes,AVIBASE-AEF821EC,13.0,6.0,7.0,0.0,4.0,15.5,7.6,5.1,6.0,20.7,116.2,43.9,72.3,37.8,65.8,54.41,Dunning,,NO,,,Forest,1.0,3.0,Herbivore,Omnivore,Insessorial,47.49,70.45,61.26,25.88,12792145.0
186,7.724912595033027,1.308337660490648,0.6351884083016472,0.013562785375255973,0.9245426257215141,4.976727153612035,1.4300492272996506,0.0689849853515625,0.16718136994644697,0.07866499465580204,-4.0,0.13558733531831998,0.9881383910984971,0.7336525440216064,0.11384551055234624,0.02457337804371491,0.07868921309709549,0.024072472716215997,0.02516688077012077,0.0,0.0,36.52151371256197,34.62834852654176,0.12006343007087708,0.16096632480621337,0.20172761529684066,0.18684326559305192,0.1905262976884842,0.08257483839988708,0.03487076759338379,0.02242746753618121,100.77566293039942,53.68656499616085,0.08257734589278698,0.16139564514160157,0.1626334697008133,0.13256521224975587,0.14477871358394623,0.11196985468268394,0.09391768723726272,0.11016208119690418,123.26697411800615,64.64033025705686,13125.5,647.1755064964294,0.41229248811279007,1.1444782231763935,0.7719941713635301,0.4967007957613118,Cedar_Waxwing,Bombycilla cedrorum,9375.0,Bombycilla cedrorum,Bombycillidae,Passeriformes,AVIBASE-9437D635,10.0,4.0,6.0,0.0,4.0,15.1,6.6,4.5,4.9,16.7,95.4,33.5,62.0,35.1,59.8,31.58,Dunning,,NO,,,Woodland,2.0,3.0,Herbivore,Frugivore,Insessorial,33.45,60.2,47.88,-97.87,7437954.14
187,21.089095046409494,2.793003539664905,0.43015901931216216,0.008953704260718013,0.8447939463346549,5.399236856455905,1.4568798354962607,0.0613311767578125,0.16799038327351373,0.055241746130102284,-9.0,-0.10645664250467761,0.902127381026915,0.39698301553726195,0.021200182475149633,0.014425043947994709,0.20601956862956286,0.19813951700925828,0.16323268031701446,0.0,0.0,86.90269231329381,41.76163600410963,0.593455046415329,0.28657092452049254,0.07909382730722428,0.02265542857348919,0.008836680278182029,0.0066581197082996365,0.00170578733086586,0.0010241863317787647,34.641016088319205,25.7090317683162,0.08202888369560242,0.160361447930336,0.13283111583441495,0.13413512110710143,0.12981702089309693,0.11375883892178536,0.11011309996247291,0.13695446979254483,129.11003854091035,59.639592776842164,11289.2,520.9633133649826,0.4167314177072847,1.5945086763572538,0.7808139878751362,0.5334663039544867,American_Three_toed_Woodpecker,Picoides dorsalis,,,,,,,,,,,,,,,,,,,,,,,,,,,,,,,,,,,,,
188,8.20294552160574,1.3551359692897478,0.6305673062575096,0.017338838749936813,0.9134235261610113,4.8570915967925306,1.3363351014680955,0.04522705078125,-0.010308813501877812,0.21432490438875024,-1.4,0.09637894677253275,0.9592305385568084,0.6582345485687255,0.2433280437020585,0.01583608374785399,0.013274422379618045,0.035425642783229704,0.0339012695942074,0.0,0.0,34.24860269140755,24.516370988206177,0.15014067888259888,0.1895147033035755,0.19752289727330208,0.18929255083203317,0.1269132446497679,0.0760255791246891,0.03608922890853137,0.0345011162571609,95.6699439776884,49.397370788954845,0.11750066839158535,0.251424577832222,0.207114577293396,0.1557211846113205,0.09666135311126708,0.05996514707803726,0.055551140755414966,0.05606134496629238,97.23030996852938,61.41330554386559,14130.1,641.6676854610444,0.43741789397484343,1.0947544190138576,0.8190901664897539,0.5713347501501819,Pileated_Woodpecker,Dryocopus pileatus,,,,,,,,,,,,,,,,,,,,,,,,,,,,,,,,,,,,,
189,26.65952878070711,2.991959177934527,0.4624022484420334,0.006931449183390587,0.7993532266108219,5.723051854797464,1.5923441859425125,0.0932342529296875,0.046497072482481895,0.1284165606458399,1.0,-0.021558551928538127,0.9953906711284572,0.49699065685272215,0.04396950779482722,0.06312073785811663,0.3327537074685097,0.043516580015420914,0.019648834178224207,0.0,0.0,60.807053990358234,44.21780519219155,0.415262508392334,0.2484643578529358,0.14380864948034286,0.0888436459004879,0.0352882344275713,0.01830989457666874,0.01590530606918037,0.03411740576848388,58.57026782298576,54.48277258451709,0.07203201651573181,0.11128772646188737,0.12539518177509307,0.1651570811867714,0.1627647578716278,0.1327103555202484,0.10242875888943673,0.12822412848472595,133.8899485390252,66.76197362232122,13662.8,560.6201677322388,0.5616697366507041,1.1883119381708236,0.8585549385244233,0.6306628921807678,Red_bellied_Woodpecker,Melanerpes carolinus,3937.0,Melanerpes carolinus,Picidae,Piciformes,AVIBASE-078557F2,10.0,4.0,6.0,0.0,5.0,32.6,21.6,7.1,7.6,21.1,127.2,35.5,90.4,28.2,76.8,69.5,Dunning,,NO,,,Woodland,1.0,1.0,Omnivore,Omnivore,Insessorial,24.53,46.9,36.96,-88.0,3074161.82
190,19.12156587220665,2.539457994040538,0.47671501171064,0.008975387320518433,0.8522297164761774,5.572281041700683,1.513207165968905,0.0727813720703125,0.04875523793353146,0.055215260430133827,-18.8,0.02611908624798518,0.9888576951579291,0.5092799007892609,0.1777120940387249,0.08763798922300339,0.1916250694077462,0.01745522688142955,0.016289728117408232,0.0,0.0,50.03616360361282,35.12851707330193,0.5145000398159028,0.29208827018737793,0.10686419606208801,0.0458175603300333,0.024648899724707008,0.01086724721826613,0.003459288377780467,0.0017544941627420485,41.955391845045305,32.31887909474122,0.10773656666278839,0.24606525301933288,0.16507910788059235,0.12112354189157486,0.11591917723417282,0.11302141696214676,0.08336431160569191,0.047690638527274135,105.45058530102206,63.551731732819995,14048.3,621.9941791534424,0.44728400692048853,1.1287623689828865,0.8061875783381478,0.5663812052502453,Red_cockaded_Woodpecker,Leuconotopicus borealis,3978.0,Leuconotopicus borealis,Picidae,Piciformes,AVIBASE-0BFCAE79,5.0,2.0,3.0,0.0,4.0,18.2,14.1,6.8,6.1,21.1,117.0,37.2,78.8,32.1,85.0,47.99,Dunning,,NO,,,Forest,2.0,1.0,Carnivore,Invertivore,Insessorial,25.85,37.47,32.35,-85.56,603894.41
191,7.947935470811035,1.3529197801533588,0.639160617850109,0.021428395711210642,0.9406597698898012,4.88852350003049,1.432987176476622,0.080242919921875,0.1836668967676584,0.25862600836291405,-15.0,0.03243697875945996,0.9506544641044916,0.512708991765976,0.15756258182227612,0.04759818352758884,0.20077772475779057,0.02958119474351406,0.051771312952041626,0.0,0.0,53.47285983175858,44.69319289055396,0.35287693440914153,0.28159781992435456,0.14330926835536956,0.06428537517786026,0.05905258618295193,0.03796288333833218,0.03725203182548285,0.023663095757365228,65.72097876561784,53.257502024837684,0.1170310104265809,0.1772698789834976,0.1363978236913681,0.10793559923768044,0.10704882740974427,0.10942496061325073,0.13225082978606223,0.11264107152819633,122.53773321974302,65.57111567364164,13329.3,560.5099080562592,0.5233165832528461,1.0473472998326188,0.8379315438088053,0.596949996568861,Red_headed_Woodpecker,Melanerpes erythrocephalus,3920.0,Melanerpes erythrocephalus,Picidae,Piciformes,AVIBASE-448D91B7,6.0,2.0,3.0,1.0,4.0,27.3,20.3,7.6,7.4,20.6,139.7,40.6,98.9,29.1,83.3,71.6,Dunning,,NO,,,Forest,1.0,1.0,Carnivore,Invertivore,Insessorial,25.64,51.7,40.26,-93.26,5461683.2
192,12.09387791076311,1.7997612034181028,0.5747525300845053,0.019121836389075324,0.9299268306262964,5.134250062102618,1.5100896770484467,0.0927947998046875,0.15287935186671414,0.20802152072929755,-11.2,-0.04158512204414304,0.9285264908675673,0.34619444608688354,0.10315139293670654,0.1486138090491295,0.3354805737733841,0.05322463777847588,0.013335138250840827,0.0,0.0,68.83369675909906,41.60391768270119,0.650343918800354,0.18755564838647842,0.12459331434220075,0.023332161689177157,0.007192154810763895,0.004021638829726726,0.0025101734354393557,0.0004509973805397749,30.157728926884737,28.753789997221713,0.1955544099211693,0.19938234090805054,0.10132461041212082,0.08364135175943374,0.08246627748012543,0.11436630710959435,0.1307390123605728,0.09252569824457169,111.24407442927074,74.069358946633,14851.9,642.3186519145966,0.45680765407661256,1.2387084903341061,0.8127070808283452,0.5650007732310756,Downy_Woodpecker,Dryobates pubescens,3972.0,Dryobates pubescens,Picidae,Piciformes,AVIBASE-1B2A6386,11.0,5.0,6.0,0.0,5.0,17.4,12.2,4.9,4.8,15.8,91.3,24.3,65.9,27.0,58.6,25.55,Dunning,,NO,,,Woodland,2.0,1.0,Carnivore,Invertivore,Insessorial,24.53,68.3,48.23,-104.67,12800223.82
193,11.283744872704773,1.8052180028260154,0.5469203242486926,0.012904538623766296,0.8839052309562401,5.259443837900471,1.494966024252255,0.0654693603515625,0.11563024253889569,0.282298366576695,-11.4,0.035410746196341124,0.935625976526862,0.7956550478935241,0.06705433614552021,0.008650665590539574,0.08175318882131251,0.027340339729562402,0.019546417368110268,0.0,0.0,30.79610209918428,27.759909895840376,0.12035324424505234,0.19193734377622604,0.25706362128257754,0.2069963827729225,0.14630847601220012,0.044936507614329456,0.01732627141609555,0.015078157000243664,90.28068221742214,43.682789471175525,0.03366066045127809,0.13407565355300904,0.16014483869075774,0.17234854102134706,0.125519497692585,0.16856192499399186,0.10988619327545165,0.09580269306898118,131.987722787643,61.48842063038639,10048.3,531.1893038034439,0.4603206712062732,1.2207416505106394,0.7866300730589783,0.5648607394533888,Bewick_Wren,Thryomanes bewickii,8615.0,Thryomanes bewickii,Troglodytidae,Passeriformes,AVIBASE-603194D3,5.0,2.0,3.0,0.0,4.0,15.5,10.1,2.6,3.0,17.5,54.0,7.3,46.1,13.8,51.2,9.9,Dunning,,NO,,,Shrubland,2.0,2.0,Carnivore,Invertivore,Generalist,16.27,50.41,33.54,-106.62,3360146.45
194,26.14748729943735,3.2357156764050203,0.39211834136990564,0.005005503120401473,0.7444783166738727,5.911367648482443,1.600064827167208,0.0905548095703125,0.14625258992514392,0.05703600977422446,-17.2,-0.018860399429811252,0.9986759197746805,0.730204176902771,0.1090224115177989,0.009510885964846238,0.06213182983919978,0.05013632602058351,0.03899437207146548,0.0,0.0,38.485338520118916,29.714102401133896,0.23991334438323975,0.3481296420097351,0.2191157877445221,0.11803765073418618,0.042729162983596324,0.015450778556987644,0.007765918830409646,0.008857717795763165,63.338452338918955,39.82771728670366,0.042954754829406736,0.12824127823114395,0.15053549110889436,0.15976665318012237,0.16047653257846833,0.1672903135418892,0.1227455884218216,0.06798938382416964,130.78373765736765,59.566473890795734,13332.9,569.9941791296005,0.5141755270735785,1.0577501391661202,0.8340947099825998,0.5873212228085603,Cactus_Wren,Campylorhynchus brunneicapillus,8628.0,Campylorhynchus brunneicapillus,Troglodytidae,Passeriformes,AVIBASE-891F222F,5.0,2.0,3.0,0.0,4.0,26.1,16.4,4.0,5.7,26.2,83.2,11.3,70.7,13.7,86.4,38.9,Dunning,,NO,,,Shrubland,3.0,1.0,Carnivore,Invertivore,Insessorial,19.31,38.69,29.03,-105.91,1847263.76
195,16.882376599551794,2.306243800029347,0.5157851971495144,0.018982764418677568,0.8348932617261408,4.796153976281135,1.2180383099972327,0.074920654296875,0.2609804863869188,0.19112303420160495,-16.8,0.20005031785151095,0.8693093719409738,0.5892698764801025,0.009927991422591731,0.21573077626526355,0.09583808183670044,0.021443531126715244,0.06778973834589123,0.0,0.0,49.39314409857978,36.02908745455843,0.3281708225607872,0.15594849437475206,0.12722185924649237,0.11680917739868164,0.12320320904254914,0.08511886186897755,0.03639091607183218,0.02713666493073106,84.11919763608799,45.99400591541704,0.012202831404283642,0.08168968558311462,0.12251675724983216,0.32424144595861437,0.11163268387317657,0.12145306468009949,0.11211720705032349,0.11414632275700569,138.0451774523177,48.92591151419768,10912.7,537.8236177682877,0.46640742850098543,0.9500047289367679,0.7539149058019669,0.5397729924836944,Carolina_Wren,Thryothorus ludovicianus,8613.0,Thryothorus ludovicianus,Troglodytidae,Passeriformes,AVIBASE-5217F951,13.0,3.0,6.0,4.0,10.0,16.9,11.1,3.2,3.9,21.4,59.4,6.8,52.6,11.4,50.7,18.96,Dunning,,NO,,,Woodland,2.0,1.0,Carnivore,Invertivore,Insessorial,21.45,45.64,35.21,-87.93,3040027.22
196,9.310838685063601,1.635078195688412,0.5662741469663006,0.013301312506610896,0.8995348080643112,5.144770128591459,1.4777898292800509,0.080401611328125,0.012685255824042913,-0.0006781630532770256,-11.0,0.09583875361058761,0.9584890884975081,0.7618450701236725,0.11559771751053631,0.09131052643060684,0.030937344953417777,0.00015894039534032346,0.0001504181884229183,0.0,0.0,29.874430265578628,13.755722496227577,0.08240189254283906,0.13418183613102883,0.27945332825183866,0.19926417917013167,0.15139088816940785,0.08794181300327182,0.03773091367911548,0.027635157207259908,103.1813986470554,43.86108732963295,0.02413974590599537,0.1130349326878786,0.16499996483325957,0.20719830989837645,0.16122621595859526,0.1324404388666153,0.11299431622028351,0.08396608140319586,131.8820166147525,53.25761382859416,13980.2,635.0936745166779,0.4239263422625424,1.001147502652863,0.7574931588674598,0.5181672005208948,House_Wren,Troglodytes aedon,8598.0,Troglodytes aedon,Troglodytidae,Passeriformes,AVIBASE-7B6E99A9,104.0,12.0,20.0,72.0,26.0,15.9,9.8,3.0,3.1,20.1,51.4,6.7,44.9,12.9,41.1,10.85,Dunning,,NO,,,Shrubland,3.0,1.0,Carnivore,Invertivore,Insessorial,-55.72,59.66,4.96,-75.18,25653883.47
197,9.463553469170344,1.7148320512288442,0.5369010568601235,0.008082945670544423,0.9145308780342498,5.35375106947555,1.516070791779893,0.070684814453125,0.05186769649956008,-0.07218085908445608,-11.4,0.14967616489651428,0.9940186709230941,0.8584887027740479,0.029706648137653245,0.0012629140983335674,0.09046011343598366,0.007577333031804301,0.012504288060881663,0.0,0.0,25.838880220786212,29.496130988775736,0.09478327352553606,0.16778446584939957,0.21654965579509736,0.19040095210075378,0.14295359700918198,0.06859831288456916,0.04494460660498589,0.07398513690568506,107.8572838249466,52.84246757564965,0.02978947712108493,0.10716693550348282,0.1434456691145897,0.1565380036830902,0.1579285442829132,0.1733302116394043,0.14955937564373017,0.08224177910014988,138.61840662521274,59.812898671515015,10788.5,556.6167193412781,0.44143595096590904,1.112798123100904,0.7841625877098497,0.5239038278786575,Marsh_Wren,Cistothorus palustris,8612.0,Cistothorus palustris,Troglodytidae,Passeriformes,AVIBASE-787E0536,4.0,2.0,2.0,0.0,4.0,16.0,9.9,2.7,3.4,19.2,48.4,9.7,38.7,20.0,39.5,10.8,Dunning,,NO,,,Wetland,3.0,2.0,Carnivore,Invertivore,Insessorial,19.33,59.35,44.47,-102.65,4855077.99
198,9.091823944183767,1.659583203702439,0.568868890759793,0.016641953994969254,0.8973181948756441,5.112929179545775,1.5947583702758812,0.12294921875,0.1711403903926349,0.046294315783304264,-6.2,0.01729117700187434,0.9617479882887261,0.7763034224510192,0.06100695822387934,0.06635675190191251,0.0880786978836113,0.003863804923457792,0.004390380927361548,0.0,0.0,31.72632223182608,27.99784475790551,0.30138248950242996,0.2414221227169037,0.18260712325572967,0.13730586022138597,0.0700431890785694,0.03733505001291633,0.017391568096354604,0.012512606289237737,67.38999892702309,49.93005605902536,0.019565413100644947,0.08740910217165947,0.10505628287792206,0.15963467061519623,0.24080065488815308,0.18479728400707246,0.11570544764399529,0.08703113980591297,143.0677873023922,52.773090813627846,13683.4,576.882909488678,0.5080958817507227,1.0515157460027933,0.8253151420812579,0.6216638876054277,Rock_Wren,Salpinctes obsoletus,8583.0,Salpinctes obsoletus,Troglodytidae,Passeriformes,AVIBASE-76DF73A9,5.0,2.0,3.0,0.0,4.0,19.9,12.6,2.9,3.4,20.1,69.0,11.8,56.6,17.3,55.6,16.37,Dunning,,NO,,,Rock,3.0,1.0,Carnivore,Invertivore,Terrestrial,10.66,54.32,37.18,-108.97,5424173.4
199,10.51939792249768,1.8896101892800476,0.5068326574415172,0.008538241450644888,0.8741236383177844,5.332791345971831,1.4987320004550153,0.0783477783203125,0.12269127507585453,0.15500156002405024,-1.6,0.0019691378614731386,0.9473634843630941,0.738504222035408,0.10378406788222491,0.007912891541491263,0.012867947411723434,0.04345533847808838,0.09347553140250967,0.0,0.0,39.060162265131225,31.902132811005867,0.08636230160482228,0.26587222814559935,0.310444176197052,0.2153530389070511,0.07201086655259133,0.029940832382999362,0.009724757305230014,0.0102917977666948,82.71951095302362,36.77767611618275,0.03971964325755835,0.10792999491095542,0.1875205308198929,0.1829278826713562,0.19003684520721437,0.15124905109405518,0.09699072167277337,0.04362533069215715,125.57170310420099,52.991452223008025,14125.1,601.6725645303726,0.4980526610903847,1.221371714429217,0.832090000028788,0.578307849861006,Winter_Wren,Troglodytes hiemalis,8595.0,Troglodytes hiemalis,Troglodytidae,Passeriformes,AVIBASE-C757BD95,4.0,2.0,2.0,0.0,4.0,12.5,8.5,2.3,2.3,18.1,45.8,7.7,38.0,17.0,27.6,8.9,Updated_literature,Dunning (2021),NO,,,Forest,1.0,3.0,Carnivore,Invertivore,Insessorial,34.58,60.53,49.93,-87.13,3348061.18
200,8.589827530580008,1.526543105226321,0.5856142728630547,0.011871524017004025,0.9238643998911312,5.165003384429475,1.5128631238893726,0.0797760009765625,0.1251890690781904,0.06554126725961376,-7.0,0.06841074010063411,0.9899590289857452,0.7187451601028443,0.12900679484009742,0.0027940703119384127,0.10548988911905326,0.030680196746834552,0.013283891360333654,0.0,0.0,39.29972563050277,29.552644812874274,0.11233739964663983,0.14421750158071517,0.0912003256380558,0.10958490595221519,0.10454626381397247,0.1124458909034729,0.12419837042689323,0.20146934390068055,138.5265332271739,66.76096540736039,0.040491046383976936,0.08865039497613907,0.15471798181533813,0.16781911849975586,0.14624053388834,0.12883293479681016,0.11835358068346977,0.1548944056034088,141.78296107430862,65.8596595781715,11625.6,555.969202041626,0.4767674301010157,0.9297916133330177,0.7985362702062705,0.5633249985847961,Common_Yellowthroat,Geothlypis trichas,10595.0,Geothlypis trichas,Parulidae,Passeriformes,AVIBASE-BA4C8A02,23.0,7.0,16.0,0.0,5.0,12.7,7.9,3.0,3.3,20.2,54.7,8.5,44.3,16.1,49.4,9.54,Dunning,,NO,,,Wetland,1.0,3.0,Carnivore,Invertivore,Insessorial,18.49,65.84,44.7,-101.34,12826786.25
